"","school","sex","age","address","famsize","Pstatus","Medu","Fedu","Mjob","Fjob","reason","guardian","traveltime","studytime","failures","schoolsup","famsup","paid","activities","nursery","higher","internet","romantic","famrel","freetime","goout","Dalc","Walc","health","absences","final"
"1","GP","F",18,"U","GT3","A",4,4,"at_home","teacher","course","mother",2,2,0,"yes","no","no","no","yes","yes","no","no",4,3,4,1,1,3,4,"success"
"2","GP","F",17,"U","GT3","T",1,1,"at_home","other","course","father",1,2,0,"no","yes","no","no","no","yes","yes","no",5,3,3,1,1,3,2,"success"
"3","GP","F",15,"U","LE3","T",1,1,"at_home","other","other","mother",1,2,0,"yes","no","no","no","yes","yes","yes","no",4,3,2,2,3,3,6,"success"
"4","GP","F",15,"U","GT3","T",4,2,"health","services","home","mother",1,3,0,"no","yes","no","yes","yes","yes","yes","yes",3,2,2,1,1,5,0,"success"
"5","GP","F",16,"U","GT3","T",3,3,"other","other","home","father",1,2,0,"no","yes","no","no","yes","yes","no","no",4,3,2,1,2,5,0,"success"
"6","GP","M",16,"U","LE3","T",4,3,"services","other","reputation","mother",1,2,0,"no","yes","no","yes","yes","yes","yes","no",5,4,2,1,2,5,6,"success"
"7","GP","M",16,"U","LE3","T",2,2,"other","other","home","mother",1,2,0,"no","no","no","no","yes","yes","yes","no",4,4,4,1,1,3,0,"success"
"8","GP","F",17,"U","GT3","A",4,4,"other","teacher","home","mother",2,2,0,"yes","yes","no","no","yes","yes","no","no",4,1,4,1,1,1,2,"success"
"9","GP","M",15,"U","LE3","A",3,2,"services","other","home","mother",1,2,0,"no","yes","no","no","yes","yes","yes","no",4,2,2,1,1,1,0,"success"
"10","GP","M",15,"U","GT3","T",3,4,"other","other","home","mother",1,2,0,"no","yes","no","yes","yes","yes","yes","no",5,5,1,1,1,5,0,"success"
"11","GP","F",15,"U","GT3","T",4,4,"teacher","health","reputation","mother",1,2,0,"no","yes","no","no","yes","yes","yes","no",3,3,3,1,2,2,2,"success"
"12","GP","F",15,"U","GT3","T",2,1,"services","other","reputation","father",3,3,0,"no","yes","no","yes","yes","yes","yes","no",5,2,2,1,1,4,0,"success"
"13","GP","M",15,"U","LE3","T",4,4,"health","services","course","father",1,1,0,"no","yes","no","yes","yes","yes","yes","no",4,3,3,1,3,5,0,"success"
"14","GP","M",15,"U","GT3","T",4,3,"teacher","other","course","mother",2,2,0,"no","yes","no","no","yes","yes","yes","no",5,4,3,1,2,3,0,"success"
"15","GP","M",15,"U","GT3","A",2,2,"other","other","home","other",1,3,0,"no","yes","no","no","yes","yes","yes","yes",4,5,2,1,1,3,0,"success"
"16","GP","F",16,"U","GT3","T",4,4,"health","other","home","mother",1,1,0,"no","yes","no","no","yes","yes","yes","no",4,4,4,1,2,2,6,"success"
"17","GP","F",16,"U","GT3","T",4,4,"services","services","reputation","mother",1,3,0,"no","yes","no","yes","yes","yes","yes","no",3,2,3,1,2,2,10,"success"
"18","GP","F",16,"U","GT3","T",3,3,"other","other","reputation","mother",3,2,0,"yes","yes","no","yes","yes","yes","no","no",5,3,2,1,1,4,2,"success"
"19","GP","M",17,"U","GT3","T",3,2,"services","services","course","mother",1,1,3,"no","yes","yes","yes","yes","yes","yes","no",5,5,5,2,4,5,2,"fail"
"20","GP","M",16,"U","LE3","T",4,3,"health","other","home","father",1,1,0,"no","no","no","yes","yes","yes","yes","no",3,1,3,1,3,5,6,"success"
"21","GP","M",15,"U","GT3","T",4,3,"teacher","other","reputation","mother",1,2,0,"no","no","no","no","yes","yes","yes","no",4,4,1,1,1,1,0,"success"
"22","GP","M",15,"U","GT3","T",4,4,"health","health","other","father",1,1,0,"no","yes","yes","no","yes","yes","yes","no",5,4,2,1,1,5,0,"success"
"23","GP","M",16,"U","LE3","T",4,2,"teacher","other","course","mother",1,2,0,"no","no","no","yes","yes","yes","yes","no",4,5,1,1,3,5,0,"success"
"24","GP","M",16,"U","LE3","T",2,2,"other","other","reputation","mother",2,2,0,"no","yes","no","yes","yes","yes","yes","no",5,4,4,2,4,5,2,"fail"
"25","GP","F",15,"R","GT3","T",2,4,"services","health","course","mother",1,3,0,"yes","yes","no","yes","yes","yes","yes","no",4,3,2,1,1,5,2,"fail"
"26","GP","F",16,"U","GT3","T",2,2,"services","services","home","mother",1,1,0,"no","yes","no","no","no","yes","yes","no",1,2,2,1,3,5,6,"success"
"27","GP","M",15,"U","GT3","T",2,2,"other","other","home","mother",1,1,0,"no","yes","no","no","yes","yes","yes","no",4,2,2,1,2,5,8,"success"
"28","GP","M",15,"U","GT3","T",4,2,"health","services","other","mother",1,1,0,"no","no","no","no","yes","yes","yes","no",2,2,4,2,4,1,0,"success"
"29","GP","M",16,"U","LE3","A",3,4,"services","other","home","mother",1,2,0,"yes","yes","yes","yes","yes","yes","yes","no",5,3,3,1,1,5,2,"success"
"30","GP","M",16,"U","GT3","T",4,4,"teacher","teacher","home","mother",1,2,0,"no","yes","yes","yes","yes","yes","yes","yes",4,4,5,5,5,5,4,"success"
"31","GP","M",15,"U","GT3","T",4,4,"health","services","home","mother",1,2,0,"no","yes","yes","no","no","yes","yes","no",5,4,2,3,4,5,0,"success"
"32","GP","M",15,"U","GT3","T",4,4,"services","services","reputation","mother",2,2,0,"no","yes","no","yes","yes","yes","yes","no",4,3,1,1,1,5,2,"success"
"33","GP","M",15,"R","GT3","T",4,3,"teacher","at_home","course","mother",1,2,0,"no","yes","no","yes","yes","yes","yes","yes",4,5,2,1,1,5,0,"success"
"34","GP","M",15,"U","LE3","T",3,3,"other","other","course","mother",1,2,0,"no","no","no","yes","no","yes","yes","no",5,3,2,1,1,2,0,"success"
"35","GP","M",16,"U","GT3","T",3,2,"other","other","home","mother",1,1,0,"no","yes","no","no","no","yes","yes","no",5,4,3,1,1,5,4,"success"
"36","GP","F",15,"U","GT3","T",2,3,"other","other","other","father",2,1,0,"no","yes","no","yes","yes","yes","no","no",3,5,1,1,1,5,4,"success"
"37","GP","M",15,"U","LE3","T",4,3,"teacher","services","home","mother",1,3,0,"no","yes","no","yes","yes","yes","yes","no",5,4,3,1,1,4,0,"success"
"38","GP","M",16,"R","GT3","A",4,4,"other","teacher","reputation","mother",2,3,0,"no","yes","no","yes","yes","yes","yes","yes",2,4,3,1,1,5,4,"success"
"39","GP","F",15,"R","GT3","T",3,4,"services","health","course","mother",1,3,0,"yes","yes","no","yes","yes","yes","yes","no",4,3,2,1,1,5,2,"success"
"40","GP","F",15,"R","GT3","T",2,2,"at_home","other","reputation","mother",1,1,0,"yes","yes","no","yes","yes","yes","no","no",4,3,1,1,1,2,8,"success"
"41","GP","F",16,"U","LE3","T",2,2,"other","other","home","mother",2,2,0,"no","yes","no","yes","no","yes","yes","yes",3,3,3,1,2,3,16,"fail"
"42","GP","M",15,"U","LE3","T",4,4,"teacher","other","home","other",1,1,0,"no","yes","no","no","no","yes","yes","yes",5,4,3,2,4,5,8,"success"
"43","GP","M",15,"U","GT3","T",4,4,"services","teacher","course","father",1,2,0,"no","yes","no","yes","yes","yes","yes","no",4,3,3,1,1,5,0,"success"
"44","GP","M",15,"U","GT3","T",2,2,"services","services","course","father",1,1,0,"yes","yes","no","no","yes","yes","yes","no",5,4,1,1,1,1,0,"fail"
"45","GP","F",16,"U","LE3","T",2,2,"other","at_home","course","father",2,2,1,"yes","no","no","yes","yes","yes","yes","no",4,3,3,2,2,5,14,"success"
"46","GP","F",15,"U","LE3","A",4,3,"other","other","course","mother",1,2,0,"yes","yes","yes","yes","yes","yes","yes","yes",5,2,2,1,1,5,4,"success"
"47","GP","F",16,"U","LE3","A",3,3,"other","services","home","mother",1,2,0,"no","yes","no","no","yes","yes","yes","no",2,3,5,1,4,3,6,"success"
"48","GP","M",16,"U","GT3","T",4,3,"health","services","reputation","mother",1,4,0,"no","no","no","yes","yes","yes","yes","no",4,2,2,1,1,2,2,"success"
"49","GP","M",15,"U","GT3","T",4,2,"teacher","other","home","mother",1,2,0,"no","yes","no","no","yes","yes","no","no",4,3,3,2,2,5,4,"success"
"50","GP","F",15,"U","GT3","T",4,4,"services","teacher","other","father",1,2,0,"yes","yes","no","yes","no","yes","yes","no",4,4,4,1,1,3,2,"success"
"51","GP","F",16,"U","LE3","T",2,2,"services","services","course","mother",3,2,0,"no","yes","no","no","yes","yes","yes","no",4,3,3,2,3,4,0,"success"
"52","GP","F",15,"U","LE3","T",4,2,"health","other","other","mother",1,2,0,"no","yes","no","no","yes","yes","yes","no",4,3,3,1,1,5,0,"success"
"53","GP","M",15,"U","LE3","A",4,2,"health","health","other","father",2,1,0,"no","no","no","no","yes","yes","no","no",5,5,5,3,4,5,4,"fail"
"54","GP","F",15,"U","GT3","T",4,4,"services","services","course","mother",1,1,0,"yes","yes","no","no","yes","yes","yes","no",3,3,4,2,3,5,0,"success"
"55","GP","F",15,"U","LE3","A",3,3,"other","other","other","mother",1,1,0,"no","no","no","no","yes","yes","yes","no",5,3,4,4,4,1,0,"success"
"56","GP","F",16,"U","GT3","A",2,1,"other","other","other","mother",1,2,0,"no","no","no","yes","yes","yes","yes","yes",5,3,4,1,1,2,2,"success"
"57","GP","F",15,"U","GT3","A",4,3,"services","services","reputation","mother",1,2,0,"no","yes","no","yes","yes","yes","yes","no",4,3,2,1,1,1,0,"success"
"58","GP","M",15,"U","GT3","T",4,4,"teacher","health","reputation","mother",1,2,0,"no","yes","no","yes","yes","yes","no","no",3,2,2,1,1,5,8,"success"
"59","GP","M",15,"U","LE3","T",1,2,"other","at_home","home","father",1,2,0,"yes","yes","no","yes","yes","yes","yes","no",4,3,2,1,1,5,0,"success"
"60","GP","F",16,"U","GT3","T",4,2,"services","other","course","mother",1,2,0,"no","yes","yes","no","yes","yes","yes","no",4,2,3,1,1,5,2,"success"
"61","GP","F",16,"R","GT3","T",4,4,"health","teacher","other","mother",1,2,0,"no","yes","no","yes","yes","yes","no","no",2,4,4,2,3,4,0,"success"
"62","GP","F",16,"U","GT3","T",1,1,"services","services","course","father",4,1,0,"yes","yes","no","yes","no","yes","yes","yes",5,5,5,5,5,5,0,"success"
"63","GP","F",16,"U","LE3","T",1,2,"other","services","reputation","father",1,2,0,"yes","no","no","yes","yes","yes","yes","no",4,4,3,1,1,1,0,"fail"
"64","GP","F",16,"U","GT3","T",4,3,"teacher","health","home","mother",1,3,0,"yes","yes","no","yes","yes","yes","yes","no",3,4,4,2,4,4,0,"success"
"65","GP","F",15,"U","LE3","T",4,3,"services","services","reputation","father",1,2,0,"yes","no","no","yes","yes","yes","yes","yes",4,4,4,2,4,2,0,"success"
"66","GP","F",16,"U","LE3","T",4,3,"teacher","services","course","mother",3,2,0,"no","yes","no","yes","yes","yes","yes","no",5,4,3,1,2,1,2,"success"
"67","GP","M",15,"U","GT3","A",4,4,"other","services","reputation","mother",1,4,0,"no","yes","no","yes","no","yes","yes","yes",1,3,3,5,5,3,0,"success"
"68","GP","F",16,"U","GT3","T",3,1,"services","other","course","mother",1,4,0,"yes","yes","no","no","yes","yes","yes","no",4,3,3,1,2,5,0,"fail"
"69","GP","F",15,"R","LE3","T",2,2,"health","services","reputation","mother",2,2,0,"yes","yes","no","no","yes","yes","yes","no",4,1,3,1,3,4,0,"success"
"70","GP","F",15,"R","LE3","T",3,1,"other","other","reputation","father",2,4,0,"no","yes","no","no","no","yes","yes","no",4,4,2,2,3,3,6,"success"
"71","GP","M",16,"U","GT3","T",3,1,"other","other","reputation","father",2,4,0,"no","yes","no","no","yes","yes","yes","no",4,3,2,1,1,5,2,"success"
"72","GP","M",15,"U","GT3","T",4,2,"other","other","course","mother",1,4,0,"no","no","no","no","yes","yes","yes","no",3,3,3,1,1,3,0,"fail"
"73","GP","F",15,"R","GT3","T",1,1,"other","other","reputation","mother",1,2,0,"yes","yes","no","no","no","yes","yes","yes",3,3,4,2,4,5,2,"success"
"74","GP","M",16,"U","GT3","T",3,1,"other","other","reputation","mother",1,1,0,"no","no","no","yes","yes","yes","no","no",5,3,2,2,2,5,0,"success"
"75","GP","F",16,"U","GT3","T",3,3,"other","services","home","mother",1,2,0,"yes","yes","no","yes","yes","yes","yes","no",4,3,3,2,4,5,4,"success"
"76","GP","M",15,"U","GT3","T",4,3,"teacher","other","home","mother",1,2,0,"no","yes","no","yes","yes","yes","yes","no",4,3,3,2,3,5,0,"success"
"77","GP","M",15,"U","GT3","T",4,0,"teacher","other","course","mother",2,4,0,"no","no","no","yes","yes","yes","yes","no",3,4,3,1,1,1,0,"success"
"78","GP","F",16,"U","GT3","T",2,2,"other","other","reputation","mother",1,4,0,"no","no","no","no","yes","yes","yes","yes",5,2,3,1,3,3,1,"success"
"79","GP","M",17,"U","GT3","T",2,1,"other","other","home","mother",2,1,3,"yes","yes","no","yes","yes","no","yes","no",4,5,1,1,1,3,0,"fail"
"80","GP","F",16,"U","GT3","T",3,4,"at_home","other","course","mother",1,2,0,"no","yes","no","no","yes","yes","yes","no",2,4,3,1,2,3,14,"success"
"81","GP","M",15,"U","GT3","T",2,3,"other","services","course","father",1,1,0,"yes","yes","no","yes","no","yes","yes","yes",3,2,2,1,3,3,0,"success"
"82","GP","M",15,"U","GT3","T",2,3,"other","other","home","mother",1,3,0,"yes","no","no","no","no","yes","yes","no",5,3,2,1,2,5,2,"fail"
"83","GP","F",15,"U","LE3","T",3,2,"services","other","reputation","mother",1,2,0,"no","yes","no","no","yes","yes","yes","no",4,4,4,1,1,5,4,"success"
"84","GP","M",15,"U","LE3","T",2,2,"services","services","home","mother",2,2,0,"no","no","yes","yes","yes","yes","yes","no",5,3,3,1,3,4,2,"success"
"85","GP","F",15,"U","GT3","T",1,1,"other","other","home","father",1,2,0,"no","yes","no","yes","no","yes","yes","no",4,3,2,2,3,4,2,"success"
"86","GP","F",15,"U","GT3","T",4,4,"services","services","reputation","father",2,2,0,"no","no","no","no","yes","yes","yes","yes",4,4,4,2,3,5,4,"success"
"87","GP","F",16,"U","LE3","T",2,2,"at_home","other","course","mother",1,2,0,"no","yes","no","no","yes","yes","no","no",4,3,4,1,2,2,6,"success"
"88","GP","F",15,"U","GT3","T",4,2,"other","other","reputation","mother",1,3,0,"no","yes","no","yes","yes","yes","yes","no",5,3,3,1,3,1,4,"success"
"89","GP","M",16,"U","GT3","T",2,2,"services","other","reputation","father",2,2,0,"no","no","no","yes","no","yes","yes","no",4,4,2,1,1,3,6,"success"
"90","GP","M",16,"U","LE3","A",4,4,"teacher","health","reputation","mother",1,2,0,"no","yes","no","no","yes","yes","no","no",4,1,3,3,5,5,6,"fail"
"91","GP","F",16,"U","GT3","T",3,3,"other","other","home","mother",1,3,0,"no","yes","no","no","yes","yes","yes","yes",4,3,3,1,3,4,2,"success"
"92","GP","F",15,"U","GT3","T",4,3,"services","other","reputation","mother",1,1,0,"no","no","no","yes","yes","yes","yes","no",4,5,5,1,3,1,6,"success"
"93","GP","F",16,"U","LE3","T",3,1,"other","other","home","father",1,2,0,"yes","yes","no","no","yes","yes","no","no",3,3,3,2,3,2,0,"success"
"94","GP","F",16,"U","GT3","T",4,2,"teacher","services","home","mother",2,2,0,"no","yes","no","yes","yes","yes","yes","no",5,3,3,1,1,1,2,"success"
"95","GP","M",15,"U","LE3","T",2,2,"services","health","reputation","mother",1,4,0,"no","yes","no","yes","yes","yes","yes","no",4,3,4,1,1,4,2,"success"
"96","GP","F",15,"R","GT3","T",1,1,"at_home","other","home","mother",2,4,0,"yes","yes","yes","yes","yes","yes","yes","no",3,1,2,1,1,1,4,"success"
"97","GP","M",16,"R","GT3","T",4,3,"services","other","reputation","mother",2,1,0,"yes","yes","yes","yes","no","yes","yes","no",3,3,3,1,1,4,6,"success"
"98","GP","F",16,"U","GT3","T",2,1,"other","other","course","mother",1,2,0,"no","yes","no","no","yes","yes","no","yes",4,3,5,1,1,5,0,"success"
"99","GP","F",16,"U","GT3","T",4,4,"other","other","reputation","mother",1,1,0,"no","no","no","yes","no","yes","yes","no",5,3,4,1,2,1,4,"success"
"100","GP","F",16,"U","GT3","T",4,3,"other","at_home","course","mother",1,3,0,"yes","yes","no","no","yes","yes","yes","no",5,3,5,1,1,3,2,"success"
"101","GP","M",16,"U","GT3","T",4,4,"services","services","other","mother",1,1,0,"yes","yes","no","yes","yes","yes","yes","no",4,5,5,5,5,4,12,"fail"
"102","GP","M",16,"U","GT3","T",4,4,"services","teacher","other","father",1,3,0,"no","yes","no","yes","yes","yes","yes","yes",4,4,3,1,1,4,0,"success"
"103","GP","M",15,"U","GT3","T",4,4,"services","other","course","mother",1,1,0,"no","yes","yes","yes","no","yes","yes","no",5,3,3,1,1,5,2,"success"
"104","GP","F",15,"U","GT3","T",3,2,"services","other","home","mother",2,2,0,"yes","yes","no","no","yes","yes","yes","no",4,3,5,1,1,2,16,"fail"
"105","GP","M",15,"U","GT3","A",3,4,"services","other","course","mother",1,2,0,"no","yes","no","yes","yes","yes","yes","no",5,4,4,1,1,1,0,"success"
"106","GP","F",15,"U","GT3","A",3,3,"other","health","reputation","father",1,4,0,"yes","no","no","no","yes","yes","no","no",4,3,3,1,1,4,10,"fail"
"107","GP","F",15,"U","GT3","T",2,2,"other","other","course","mother",1,4,0,"yes","yes","no","no","yes","yes","yes","no",5,1,2,1,1,3,4,"fail"
"108","GP","M",16,"U","GT3","T",3,3,"services","other","home","father",1,3,0,"no","yes","no","yes","yes","yes","yes","no",5,3,3,1,1,5,4,"success"
"109","GP","M",15,"R","GT3","T",4,4,"other","other","home","father",4,4,0,"no","yes","no","yes","yes","yes","yes","yes",1,3,5,3,5,1,8,"success"
"110","GP","F",16,"U","LE3","T",4,4,"health","health","other","mother",1,3,0,"no","yes","no","yes","yes","yes","yes","yes",5,4,5,1,1,4,2,"success"
"111","GP","M",15,"U","LE3","A",4,4,"teacher","teacher","course","mother",1,1,0,"no","no","no","yes","yes","yes","yes","no",5,5,3,1,1,4,4,"success"
"112","GP","F",16,"R","GT3","T",3,3,"services","other","reputation","father",1,3,0,"yes","yes","no","yes","yes","yes","yes","no",4,1,2,1,1,2,4,"success"
"113","GP","F",16,"U","GT3","T",2,2,"at_home","other","home","mother",1,2,1,"yes","no","no","yes","yes","yes","yes","no",3,1,2,1,1,5,12,"fail"
"114","GP","M",15,"U","LE3","T",4,2,"teacher","other","course","mother",1,1,0,"no","no","no","no","yes","yes","yes","no",3,5,2,1,1,3,10,"success"
"115","GP","M",15,"R","GT3","T",2,1,"health","services","reputation","mother",1,2,0,"no","no","no","yes","yes","yes","yes","yes",5,4,2,1,1,5,4,"fail"
"116","GP","M",16,"U","GT3","T",4,4,"teacher","teacher","course","father",1,2,0,"no","yes","no","yes","yes","yes","yes","no",5,4,4,1,2,5,6,"success"
"117","GP","M",15,"U","GT3","T",4,4,"other","teacher","reputation","father",2,2,0,"no","yes","no","yes","yes","yes","no","no",4,4,3,1,1,2,4,"success"
"118","GP","M",16,"U","GT3","T",3,3,"other","services","home","father",2,1,0,"no","no","no","yes","yes","yes","yes","no",5,4,2,1,1,5,6,"success"
"119","GP","M",17,"R","GT3","T",1,3,"other","other","course","father",3,2,1,"no","yes","no","yes","yes","yes","yes","no",5,2,4,1,4,5,14,"success"
"120","GP","M",15,"U","GT3","T",3,4,"other","other","reputation","father",1,1,0,"no","no","no","no","yes","yes","yes","no",3,4,3,1,2,4,2,"success"
"121","GP","F",15,"U","GT3","T",1,2,"at_home","services","course","mother",1,2,0,"no","no","no","no","no","yes","yes","no",3,2,3,1,2,1,0,"success"
"122","GP","M",15,"U","GT3","T",2,2,"services","services","home","father",1,4,0,"no","yes","no","yes","yes","yes","yes","no",5,5,4,1,2,5,6,"success"
"123","GP","F",16,"U","LE3","T",2,4,"other","health","course","father",2,2,0,"no","yes","no","yes","yes","yes","yes","yes",4,2,2,1,2,5,2,"success"
"124","GP","M",16,"U","GT3","T",4,4,"health","other","course","mother",1,1,0,"no","yes","no","yes","yes","yes","yes","no",3,4,4,1,4,5,4,"success"
"125","GP","F",16,"U","GT3","T",2,2,"other","other","home","mother",1,2,0,"no","no","no","no","yes","yes","yes","yes",5,4,4,1,1,5,0,"success"
"126","GP","M",15,"U","GT3","T",3,4,"services","services","home","father",1,1,0,"yes","no","no","no","yes","yes","yes","no",5,5,5,3,2,5,2,"fail"
"127","GP","F",15,"U","LE3","A",3,4,"other","other","home","mother",1,2,0,"yes","no","no","yes","yes","yes","yes","yes",5,3,2,1,1,1,0,"success"
"128","GP","F",19,"U","GT3","T",0,1,"at_home","other","course","other",1,2,2,"no","yes","no","no","no","no","no","no",3,4,2,1,1,5,0,"success"
"129","GP","M",16,"R","GT3","T",4,4,"teacher","teacher","course","mother",1,1,0,"no","no","no","yes","yes","yes","yes","no",3,5,5,2,5,4,8,"success"
"130","GP","M",16,"U","GT3","T",2,3,"other","other","course","mother",2,3,0,"no","yes","no","no","no","yes","yes","yes",3,2,3,2,2,1,4,"success"
"131","GP","F",15,"R","GT3","T",3,4,"services","teacher","course","father",2,3,0,"no","yes","no","no","yes","yes","yes","yes",4,2,2,2,2,5,0,"success"
"132","GP","F",18,"U","GT3","T",2,1,"services","other","reputation","mother",1,2,3,"no","yes","no","yes","yes","no","yes","yes",5,4,5,1,3,5,10,"fail"
"133","GP","F",17,"U","LE3","A",2,1,"other","other","course","mother",3,1,0,"no","yes","no","no","yes","yes","yes","no",3,2,2,1,2,5,8,"success"
"134","GP","F",15,"U","GT3","T",1,1,"at_home","other","course","mother",3,1,0,"no","yes","no","yes","no","yes","yes","yes",4,3,3,1,2,4,6,"success"
"135","GP","F",17,"U","LE3","T",2,2,"other","other","course","father",1,1,0,"no","yes","no","no","yes","yes","yes","yes",3,4,4,1,3,5,2,"success"
"136","GP","F",16,"U","GT3","A",3,4,"services","other","course","father",1,1,0,"no","no","no","no","yes","yes","yes","no",3,2,1,1,4,5,12,"success"
"137","GP","M",16,"U","GT3","T",2,1,"at_home","other","course","mother",4,1,0,"no","no","no","no","yes","yes","no","no",3,2,1,1,1,2,4,"success"
"138","GP","F",16,"U","GT3","A",2,2,"other","other","home","mother",1,1,1,"no","no","no","no","yes","yes","no","no",5,3,4,1,1,5,12,"success"
"139","GP","M",15,"R","GT3","T",3,4,"at_home","teacher","course","mother",4,2,0,"no","yes","no","no","yes","yes","no","yes",5,3,3,1,1,5,2,"success"
"140","GP","F",15,"U","GT3","T",4,4,"services","at_home","course","mother",1,3,0,"no","yes","no","yes","yes","yes","yes","yes",4,3,3,1,1,5,4,"success"
"141","GP","M",17,"R","GT3","T",3,4,"at_home","other","course","mother",3,2,0,"no","no","no","no","yes","yes","no","no",5,4,5,2,4,5,2,"fail"
"142","GP","F",16,"R","GT3","T",1,1,"at_home","other","course","mother",4,2,0,"no","yes","no","no","yes","yes","no","no",5,1,3,1,1,3,0,"success"
"143","GP","M",18,"U","LE3","T",3,1,"services","services","course","mother",2,1,0,"no","no","no","yes","yes","yes","yes","yes",3,3,4,4,5,4,2,"success"
"144","GP","F",18,"U","GT3","A",3,2,"other","services","course","other",1,3,0,"no","yes","no","yes","no","yes","yes","yes",4,3,3,5,1,5,10,"success"
"145","GP","F",16,"R","GT3","T",1,1,"other","services","reputation","mother",2,1,0,"no","yes","no","yes","yes","yes","no","yes",3,3,3,1,2,1,8,"success"
"146","GP","F",16,"U","GT3","A",3,3,"other","other","course","other",2,1,0,"no","yes","no","yes","no","yes","yes","yes",4,3,2,1,1,5,4,"fail"
"147","GP","M",16,"U","LE3","T",1,1,"services","other","course","mother",1,2,2,"no","no","no","no","yes","yes","no","yes",4,4,4,1,3,5,0,"fail"
"148","GP","F",15,"U","GT3","T",4,4,"teacher","teacher","course","mother",2,1,0,"no","no","no","yes","yes","yes","yes","no",4,3,2,1,1,5,6,"success"
"149","GP","F",15,"R","GT3","T",1,1,"other","other","course","mother",3,1,1,"no","no","no","yes","yes","yes","yes","yes",5,5,5,1,1,1,2,"fail"
"150","GP","M",15,"U","GT3","T",4,3,"teacher","services","course","father",2,4,0,"yes","yes","no","no","yes","yes","yes","no",2,2,2,1,1,3,6,"success"
"151","GP","F",15,"U","GT3","A",3,3,"services","services","home","mother",1,2,0,"no","no","no","no","no","yes","no","yes",1,3,2,2,3,1,24,"fail"
"152","GP","M",16,"U","GT3","T",4,4,"services","services","course","mother",1,3,0,"no","yes","no","yes","yes","yes","yes","no",5,3,3,1,3,5,0,"success"
"153","GP","M",16,"U","LE3","T",2,2,"services","services","reputation","father",2,1,0,"no","yes","no","yes","yes","yes","yes","no",2,3,3,2,2,2,4,"success"
"154","GP","F",15,"U","GT3","T",4,4,"teacher","services","course","mother",1,3,0,"no","yes","no","yes","yes","yes","yes","no",4,2,2,1,1,5,2,"success"
"155","GP","F",16,"U","LE3","T",1,1,"at_home","at_home","course","mother",1,1,0,"no","no","no","no","yes","yes","yes","no",3,4,4,3,3,1,4,"success"
"156","GP","M",17,"U","GT3","T",2,1,"other","other","home","mother",1,1,0,"no","yes","no","no","yes","yes","yes","no",5,4,5,1,2,5,22,"fail"
"157","GP","F",15,"U","GT3","T",1,1,"other","services","course","father",1,2,0,"no","yes","no","no","yes","yes","yes","no",4,4,2,1,2,5,0,"success"
"158","GP","F",15,"U","LE3","A",2,1,"at_home","other","home","mother",2,1,0,"no","yes","no","yes","yes","no","yes","yes",4,4,2,1,1,5,0,"fail"
"159","GP","F",15,"U","GT3","T",3,2,"health","services","home","father",1,2,1,"no","yes","no","no","yes","yes","yes","no",3,3,2,1,1,3,2,"success"
"160","GP","F",15,"U","GT3","T",1,2,"at_home","other","course","mother",1,2,0,"no","yes","no","no","no","yes","yes","no",4,3,2,1,1,5,6,"success"
"161","GP","F",15,"U","GT3","T",1,2,"at_home","services","course","father",1,2,0,"no","no","no","no","no","yes","no","yes",2,3,4,2,4,1,6,"success"
"162","GP","M",16,"U","GT3","T",4,4,"teacher","teacher","course","mother",1,1,0,"no","yes","no","no","yes","no","yes","yes",3,3,2,2,1,5,16,"fail"
"163","GP","M",15,"U","LE3","A",2,1,"services","other","course","mother",4,1,0,"no","no","no","no","yes","yes","yes","no",4,5,5,2,5,5,0,"success"
"164","GP","M",18,"U","LE3","T",1,1,"other","other","course","mother",1,1,2,"no","no","no","no","yes","no","yes","yes",2,3,5,2,5,4,0,"fail"
"165","GP","M",16,"U","LE3","T",2,1,"at_home","other","course","mother",1,1,1,"no","no","no","yes","yes","yes","no","yes",4,4,4,3,5,5,6,"fail"
"166","GP","F",15,"R","GT3","T",3,3,"services","services","reputation","other",2,3,0,"no","yes","yes","yes","yes","yes","yes","yes",4,2,1,2,3,3,2,"success"
"167","GP","M",19,"U","GT3","T",3,2,"services","at_home","home","mother",1,1,0,"no","yes","no","no","yes","no","yes","yes",4,5,4,1,1,4,6,"success"
"168","GP","F",17,"U","GT3","T",4,4,"other","teacher","course","mother",1,1,0,"yes","yes","no","no","yes","yes","no","yes",4,2,1,1,1,4,0,"success"
"169","GP","M",15,"R","GT3","T",2,3,"at_home","services","course","mother",1,2,0,"yes","no","yes","yes","yes","yes","no","no",4,4,4,1,1,1,0,"fail"
"170","GP","M",17,"R","LE3","T",1,2,"other","other","reputation","mother",1,1,3,"no","no","no","no","yes","yes","no","no",2,2,2,3,3,5,14,"fail"
"171","GP","F",18,"R","GT3","T",1,1,"at_home","other","course","mother",3,1,3,"no","yes","no","yes","no","yes","no","no",5,2,5,1,5,4,6,"success"
"172","GP","M",16,"R","GT3","T",2,2,"at_home","other","course","mother",3,1,0,"no","no","no","no","no","yes","no","no",4,2,2,1,2,3,4,"success"
"173","GP","M",16,"U","GT3","T",3,3,"other","services","course","father",1,2,1,"no","yes","no","no","yes","yes","yes","yes",4,5,5,4,4,5,0,"fail"
"174","GP","M",16,"U","LE3","T",1,2,"health","services","course","mother",2,1,2,"no","no","no","no","no","yes","yes","no",4,4,5,3,5,5,0,"fail"
"175","GP","M",17,"R","LE3","T",2,1,"at_home","other","course","mother",2,1,1,"no","no","yes","yes","yes","no","yes","yes",3,3,2,2,2,5,8,"fail"
"176","GP","M",17,"R","GT3","T",3,2,"other","other","course","mother",2,2,2,"yes","yes","no","no","yes","yes","yes","yes",4,4,4,1,4,3,4,"fail"
"177","GP","M",15,"U","LE3","T",1,2,"other","other","course","mother",2,1,0,"no","no","no","yes","yes","yes","no","no",4,4,4,2,4,5,2,"fail"
"178","GP","M",16,"U","GT3","T",1,3,"at_home","services","course","father",1,1,1,"no","no","no","no","yes","no","yes","no",5,3,3,1,4,2,2,"fail"
"179","GP","M",17,"R","LE3","T",1,1,"other","services","course","mother",4,2,0,"no","no","no","yes","yes","no","no","yes",5,3,5,1,5,5,0,"fail"
"180","GP","M",17,"U","GT3","T",3,2,"services","services","course","mother",2,1,3,"no","yes","no","yes","no","no","no","no",4,5,2,1,1,2,10,"fail"
"181","GP","M",16,"U","GT3","T",2,2,"other","other","course","father",1,2,0,"no","no","no","no","yes","no","yes","no",4,3,5,2,4,4,0,"success"
"182","GP","F",16,"U","GT3","T",4,2,"health","services","home","father",1,2,0,"no","no","no","no","yes","yes","yes","yes",4,2,3,1,1,3,0,"success"
"183","GP","F",16,"U","GT3","T",2,2,"other","other","home","mother",1,2,0,"no","yes","no","no","no","yes","yes","no",5,1,5,1,1,4,0,"success"
"184","GP","F",16,"U","GT3","T",4,4,"health","health","reputation","mother",1,2,0,"no","yes","no","no","yes","yes","yes","yes",4,4,2,1,1,3,0,"success"
"185","GP","M",16,"U","GT3","T",3,4,"other","other","course","father",3,1,1,"no","yes","no","yes","no","yes","yes","no",3,4,5,2,4,2,4,"fail"
"186","GP","M",16,"U","GT3","T",1,0,"other","other","reputation","mother",2,2,0,"no","yes","no","yes","yes","yes","yes","yes",4,3,2,1,1,3,0,"success"
"187","GP","M",17,"U","LE3","T",4,4,"teacher","other","reputation","mother",1,2,0,"no","yes","no","yes","yes","yes","yes","no",4,4,4,1,3,5,0,"fail"
"188","GP","F",16,"U","GT3","T",1,3,"at_home","services","home","mother",1,2,0,"no","no","no","yes","no","yes","yes","yes",4,3,5,1,1,3,0,"success"
"189","GP","F",16,"U","LE3","T",3,3,"other","other","reputation","mother",2,2,0,"no","yes","no","yes","yes","yes","yes","no",4,4,5,1,1,4,0,"success"
"190","GP","M",17,"U","LE3","T",4,3,"teacher","other","course","mother",2,2,0,"no","no","no","yes","yes","yes","yes","no",4,4,4,4,4,4,0,"success"
"191","GP","F",16,"U","GT3","T",2,2,"services","other","reputation","mother",2,2,0,"no","no","no","yes","no","yes","yes","no",3,4,4,1,4,5,0,"success"
"192","GP","M",17,"U","GT3","T",3,3,"other","other","reputation","father",1,2,0,"no","no","no","yes","no","yes","yes","no",4,3,4,1,4,4,4,"fail"
"193","GP","M",16,"R","GT3","T",4,2,"teacher","services","other","mother",1,1,0,"no","yes","no","yes","yes","yes","yes","yes",4,3,3,3,4,3,8,"success"
"194","GP","M",17,"U","GT3","T",4,3,"other","other","course","mother",1,2,0,"no","yes","yes","yes","yes","yes","yes","yes",5,2,3,1,1,2,4,"success"
"195","GP","M",16,"U","GT3","T",4,3,"teacher","other","home","mother",1,2,0,"no","yes","yes","yes","yes","yes","yes","no",3,4,3,2,3,3,4,"success"
"196","GP","M",16,"U","GT3","T",3,3,"services","other","home","mother",1,2,0,"no","no","no","yes","yes","yes","yes","yes",4,2,3,1,2,3,0,"success"
"197","GP","F",17,"U","GT3","T",2,4,"services","services","reputation","father",1,2,0,"no","yes","no","yes","yes","yes","no","no",5,4,2,2,3,5,0,"success"
"198","GP","F",17,"U","LE3","T",3,3,"other","other","reputation","mother",1,2,0,"no","yes","no","yes","yes","yes","yes","yes",5,3,3,2,3,1,32,"success"
"199","GP","F",16,"U","GT3","T",3,2,"other","other","reputation","mother",1,2,0,"no","yes","no","no","yes","yes","yes","no",1,2,2,1,2,1,8,"success"
"200","GP","M",17,"U","GT3","T",3,3,"services","services","other","mother",1,2,0,"no","yes","no","yes","yes","yes","yes","yes",4,3,4,2,3,4,6,"success"
"201","GP","M",16,"U","GT3","T",1,2,"services","services","other","mother",1,1,0,"no","yes","no","yes","yes","yes","yes","yes",3,3,3,1,2,3,0,"success"
"202","GP","M",16,"U","LE3","T",2,1,"other","other","course","mother",1,2,0,"no","no","no","yes","yes","yes","yes","yes",4,2,3,1,2,5,0,"success"
"203","GP","F",17,"U","GT3","A",3,3,"health","other","reputation","mother",1,2,0,"no","yes","no","no","no","yes","yes","yes",3,3,3,1,3,3,10,"success"
"204","GP","M",17,"R","GT3","T",1,2,"at_home","other","home","mother",1,2,0,"no","no","no","no","yes","yes","no","no",3,1,3,1,5,3,6,"fail"
"205","GP","F",16,"U","GT3","T",2,3,"services","services","course","mother",1,2,0,"no","no","no","no","yes","yes","yes","no",4,3,3,1,1,2,6,"success"
"206","GP","F",17,"U","GT3","T",1,1,"at_home","services","course","mother",1,2,0,"no","no","no","yes","yes","yes","yes","no",5,3,3,1,1,3,0,"success"
"207","GP","M",17,"U","GT3","T",1,2,"at_home","services","other","other",2,2,0,"no","no","no","yes","no","yes","yes","no",4,4,4,4,5,5,16,"success"
"208","GP","M",16,"R","GT3","T",3,3,"services","services","reputation","mother",1,1,0,"no","yes","no","yes","yes","yes","yes","no",4,3,2,3,4,5,0,"fail"
"209","GP","M",16,"U","GT3","T",2,3,"other","other","home","father",2,1,0,"no","no","no","no","yes","yes","yes","no",5,3,3,1,1,3,0,"success"
"210","GP","F",17,"U","LE3","T",2,4,"services","services","course","father",1,2,0,"no","no","no","yes","yes","yes","yes","yes",4,3,2,1,1,5,8,"success"
"211","GP","M",17,"U","GT3","T",4,4,"services","teacher","home","mother",1,1,0,"no","no","no","no","yes","yes","yes","no",5,2,3,1,2,5,4,"success"
"212","GP","M",16,"R","LE3","T",3,3,"teacher","other","home","father",3,1,0,"no","yes","no","yes","yes","yes","yes","no",3,3,4,3,5,3,16,"success"
"213","GP","F",17,"U","GT3","T",4,4,"services","teacher","home","mother",2,1,1,"no","yes","no","no","yes","yes","yes","no",4,2,4,2,3,2,30,"success"
"214","GP","F",16,"U","LE3","T",4,4,"teacher","teacher","reputation","mother",1,2,0,"no","yes","no","no","yes","yes","yes","no",4,5,2,1,2,3,0,"success"
"215","GP","F",16,"U","GT3","T",4,3,"health","other","home","mother",1,2,0,"no","yes","no","yes","yes","yes","yes","no",4,3,5,1,5,2,2,"success"
"216","GP","F",16,"U","GT3","T",2,3,"other","other","reputation","mother",1,2,0,"yes","yes","no","yes","yes","yes","no","no",4,4,3,1,3,4,4,"success"
"217","GP","F",17,"U","GT3","T",1,1,"other","other","course","mother",1,2,0,"no","yes","no","no","no","yes","no","no",4,4,4,1,3,1,0,"success"
"218","GP","F",17,"R","GT3","T",2,2,"other","other","reputation","mother",1,1,0,"no","yes","no","no","yes","yes","yes","no",5,3,2,1,2,3,21,"success"
"219","GP","F",16,"R","GT3","T",2,2,"services","services","reputation","mother",2,4,0,"no","yes","no","yes","no","yes","yes","no",5,3,5,1,1,5,6,"success"
"220","GP","F",17,"U","GT3","T",3,4,"at_home","services","home","mother",1,3,1,"no","yes","yes","no","yes","yes","yes","yes",4,4,3,3,4,5,14,"fail"
"221","GP","F",16,"U","GT3","A",3,1,"services","other","course","mother",1,2,0,"no","yes","no","no","yes","yes","yes","no",2,3,3,2,2,4,2,"success"
"222","GP","F",16,"U","GT3","T",4,3,"teacher","other","other","mother",1,2,0,"no","no","no","yes","yes","yes","yes","yes",1,3,2,1,1,1,4,"success"
"223","GP","F",16,"U","GT3","T",1,1,"at_home","other","home","mother",2,1,0,"no","yes","no","no","yes","yes","no","no",4,3,2,1,4,5,2,"success"
"224","GP","F",17,"R","GT3","T",4,3,"teacher","other","reputation","mother",2,3,0,"no","yes","no","yes","yes","yes","yes","yes",4,4,2,1,1,4,0,"success"
"225","GP","F",19,"U","GT3","T",3,3,"other","other","reputation","other",1,4,0,"no","yes","no","yes","yes","yes","yes","no",4,3,3,1,2,3,4,"success"
"226","GP","M",17,"U","LE3","T",4,4,"services","other","home","mother",1,2,0,"no","yes","no","no","yes","yes","yes","yes",5,3,5,4,5,3,15,"success"
"227","GP","F",16,"U","GT3","A",2,2,"other","other","reputation","mother",1,2,0,"yes","yes","no","no","yes","yes","yes","no",3,3,4,1,1,4,0,"success"
"228","GP","M",18,"U","GT3","T",2,2,"services","other","home","mother",1,2,0,"no","yes","no","yes","yes","yes","yes","no",4,4,4,2,4,5,10,"success"
"229","GP","F",17,"R","LE3","T",4,4,"services","other","other","mother",1,1,0,"no","yes","no","no","yes","yes","no","no",5,2,1,1,2,3,6,"success"
"230","GP","F",17,"U","LE3","T",3,2,"other","other","reputation","mother",2,2,0,"no","no","no","no","yes","yes","yes","no",4,4,4,1,3,1,2,"success"
"231","GP","F",17,"U","GT3","T",4,3,"other","other","reputation","mother",1,2,0,"no","no","no","no","yes","yes","yes","yes",3,4,5,2,4,1,16,"fail"
"232","GP","M",18,"U","LE3","T",3,3,"services","health","home","father",1,2,0,"no","yes","no","no","yes","yes","yes","no",3,2,4,2,4,4,10,"fail"
"233","GP","F",17,"U","GT3","T",2,3,"at_home","other","home","father",2,1,0,"no","yes","no","no","yes","yes","no","no",3,3,3,1,4,3,4,"success"
"234","GP","F",17,"U","GT3","T",2,2,"at_home","at_home","course","mother",1,3,0,"no","yes","no","yes","yes","yes","yes","no",4,3,3,1,1,4,0,"success"
"235","GP","F",17,"R","GT3","T",2,1,"at_home","services","reputation","mother",2,2,0,"no","yes","no","yes","yes","yes","yes","no",4,2,5,1,2,5,0,"success"
"236","GP","F",17,"U","GT3","T",1,1,"at_home","other","reputation","mother",1,3,0,"no","yes","no","yes","yes","yes","no","yes",4,3,4,1,1,5,12,"success"
"237","GP","F",16,"U","GT3","T",2,3,"services","teacher","other","mother",1,2,0,"yes","no","no","no","yes","yes","yes","no",2,3,1,1,1,3,0,"success"
"238","GP","M",18,"U","GT3","T",2,2,"other","other","home","mother",2,2,3,"no","yes","yes","no","yes","yes","yes","no",3,3,3,5,5,4,9,"fail"
"239","GP","F",16,"U","GT3","T",4,4,"teacher","services","home","mother",1,3,0,"no","yes","no","yes","no","yes","yes","no",5,3,2,1,1,5,4,"success"
"240","GP","F",18,"R","GT3","T",3,1,"other","other","reputation","mother",1,2,0,"no","no","no","yes","yes","yes","yes","yes",5,3,3,1,1,4,4,"fail"
"241","GP","F",17,"U","GT3","T",3,2,"other","other","course","mother",1,2,0,"no","no","no","yes","no","yes","yes","no",5,3,4,1,3,3,2,"success"
"242","GP","M",17,"U","LE3","T",2,3,"services","services","reputation","father",1,2,0,"no","yes","no","no","no","yes","yes","no",5,3,3,1,3,3,0,"success"
"243","GP","M",18,"U","LE3","T",2,1,"at_home","other","course","mother",4,2,0,"yes","yes","no","yes","yes","yes","yes","yes",4,3,2,4,5,3,2,"success"
"244","GP","F",17,"U","GT3","A",2,1,"other","other","course","mother",2,3,0,"no","no","no","yes","yes","yes","yes","yes",3,2,3,1,2,3,0,"success"
"245","GP","F",17,"U","LE3","T",4,3,"health","other","reputation","father",1,2,0,"no","no","no","yes","yes","yes","yes","yes",3,2,3,1,2,3,0,"success"
"246","GP","M",17,"R","GT3","T",2,2,"other","other","course","father",2,2,0,"no","yes","no","yes","yes","yes","yes","no",4,5,2,1,1,1,0,"success"
"247","GP","M",17,"U","GT3","T",4,4,"teacher","teacher","reputation","mother",1,2,0,"yes","yes","no","yes","yes","yes","yes","yes",4,5,5,1,3,2,0,"success"
"248","GP","M",16,"U","GT3","T",4,4,"health","other","reputation","father",1,2,0,"no","yes","no","yes","yes","yes","yes","no",4,2,4,2,4,1,0,"success"
"249","GP","M",16,"U","LE3","T",1,1,"other","other","home","mother",2,2,0,"no","yes","no","no","yes","yes","yes","no",3,4,2,1,1,5,2,"fail"
"250","GP","M",16,"U","GT3","T",3,2,"at_home","other","reputation","mother",2,3,0,"no","no","no","yes","yes","yes","yes","yes",5,3,3,1,3,2,0,"success"
"251","GP","M",17,"U","LE3","T",2,2,"other","other","home","father",1,2,0,"no","no","no","yes","no","yes","yes","yes",4,4,2,5,5,4,0,"success"
"252","GP","F",16,"U","GT3","T",2,1,"other","other","home","mother",1,1,0,"no","no","no","no","yes","yes","yes","yes",4,5,2,1,1,5,4,"fail"
"253","GP","F",16,"U","GT3","A",4,1,"other","other","home","mother",1,2,0,"no","no","no","yes","yes","yes","yes","yes",5,3,3,1,2,5,0,"success"
"254","GP","F",18,"U","LE3","A",2,4,"services","other","course","mother",2,2,1,"no","yes","no","no","yes","yes","yes","no",4,3,3,1,1,3,18,"fail"
"255","GP","F",18,"U","LE3","T",2,2,"at_home","services","course","mother",1,2,1,"no","yes","no","no","no","yes","yes","yes",5,3,1,1,1,5,16,"fail"
"256","GP","F",18,"U","GT3","T",3,3,"other","other","course","mother",2,1,1,"no","no","no","no","yes","no","yes","no",4,1,1,1,1,3,14,"fail"
"257","GP","M",18,"U","GT3","T",2,2,"other","at_home","course","other",1,1,1,"no","yes","no","yes","no","no","yes","yes",4,4,3,2,2,1,26,"fail"
"258","GP","M",17,"U","GT3","T",4,4,"teacher","teacher","course","mother",1,1,0,"no","yes","no","yes","no","yes","yes","no",4,2,1,1,2,5,6,"fail"
"259","GP","F",17,"U","GT3","T",3,2,"other","other","course","father",1,2,0,"no","no","no","yes","yes","yes","no","no",5,4,2,1,1,3,4,"success"
"260","GP","F",17,"U","LE3","T",1,1,"at_home","at_home","course","mother",1,3,0,"no","yes","no","yes","yes","yes","yes","yes",4,3,2,1,2,4,10,"fail"
"261","GP","F",16,"U","GT3","T",1,2,"other","other","course","mother",1,1,0,"no","no","no","no","yes","no","yes","no",5,3,5,1,2,5,4,"success"
"262","GP","F",17,"R","GT3","T",2,1,"at_home","services","course","mother",3,2,0,"no","no","no","yes","yes","yes","no","no",2,1,1,1,1,3,2,"success"
"263","GP","F",17,"R","LE3","A",1,4,"other","other","course","other",4,1,1,"no","yes","no","no","yes","yes","yes","no",5,5,4,1,1,5,14,"fail"
"264","GP","M",18,"U","GT3","T",2,2,"other","services","reputation","father",1,2,0,"no","no","no","no","yes","no","yes","no",5,5,4,3,5,2,16,"fail"
"265","GP","F",17,"U","LE3","A",2,2,"other","other","home","mother",1,1,1,"no","yes","no","no","no","no","yes","no",3,1,2,1,1,1,8,"fail"
"266","GP","F",17,"R","LE3","T",1,1,"at_home","other","course","mother",2,3,0,"no","no","no","yes","yes","yes","yes","no",4,3,3,1,3,5,4,"success"
"267","GP","F",17,"U","LE3","A",4,2,"teacher","other","course","mother",1,2,0,"no","yes","no","yes","yes","yes","no","no",4,3,2,1,1,4,4,"success"
"268","GP","M",17,"U","LE3","T",4,3,"health","other","course","mother",2,2,0,"no","no","no","yes","yes","yes","yes","yes",2,5,5,1,4,5,8,"success"
"269","GP","M",17,"R","LE3","A",4,4,"teacher","other","course","mother",2,2,0,"no","yes","no","no","yes","yes","yes","no",3,3,3,2,3,4,0,"success"
"270","GP","M",16,"U","LE3","T",4,3,"teacher","other","course","mother",1,1,0,"no","no","no","yes","no","yes","yes","no",5,4,5,1,1,3,7,"success"
"271","GP","M",16,"U","GT3","T",4,4,"services","services","course","mother",1,1,0,"no","no","yes","yes","yes","yes","yes","no",5,3,2,1,2,5,4,"success"
"272","GP","F",17,"U","GT3","T",4,4,"teacher","services","course","mother",1,2,0,"no","yes","yes","no","yes","yes","yes","yes",5,3,1,1,4,5,2,"success"
"273","GP","M",17,"R","GT3","T",1,1,"other","other","home","father",2,3,0,"no","no","no","no","no","yes","yes","yes",4,3,3,1,1,1,2,"success"
"274","GP","F",17,"U","GT3","T",3,3,"services","other","home","mother",2,3,0,"no","yes","no","no","yes","yes","yes","yes",4,2,2,2,3,5,10,"success"
"275","GP","F",17,"U","GT3","T",1,1,"at_home","other","course","mother",1,2,0,"yes","no","no","no","no","yes","no","yes",4,3,2,1,1,4,10,"fail"
"276","GP","F",18,"U","GT3","T",2,1,"other","other","course","other",2,3,0,"no","yes","no","no","no","yes","yes","yes",4,4,4,1,1,3,10,"success"
"277","GP","M",16,"U","GT3","T",2,1,"other","other","course","mother",3,1,0,"no","no","no","no","yes","yes","yes","no",4,3,3,1,1,4,7,"success"
"278","GP","F",17,"U","GT3","T",1,1,"other","services","course","father",1,2,0,"no","yes","no","no","yes","yes","no","no",4,3,4,1,2,5,4,"success"
"279","GP","M",17,"U","GT3","T",2,3,"other","other","course","father",2,1,0,"no","no","no","no","yes","yes","yes","no",5,2,2,1,1,2,2,"success"
"280","GP","M",22,"U","GT3","T",3,1,"services","services","other","mother",1,1,3,"no","no","no","no","no","no","yes","yes",5,4,5,5,5,1,12,"fail"
"281","GP","M",18,"R","LE3","T",3,3,"other","services","course","mother",1,2,0,"no","yes","no","no","yes","yes","yes","yes",4,3,3,1,3,5,8,"fail"
"282","GP","M",16,"U","GT3","T",0,2,"other","other","other","mother",1,1,0,"no","no","no","no","no","yes","yes","no",4,3,2,2,4,5,0,"success"
"283","GP","M",18,"U","GT3","T",3,2,"services","other","course","mother",2,1,0,"no","no","no","no","yes","no","yes","no",4,4,5,2,4,5,8,"fail"
"284","GP","M",16,"U","GT3","T",3,3,"at_home","other","reputation","other",3,2,1,"yes","yes","no","no","no","yes","yes","no",5,3,3,1,3,2,4,"fail"
"285","GP","M",18,"U","GT3","T",2,1,"services","services","other","mother",1,1,2,"no","no","no","no","no","no","yes","no",3,2,5,2,5,5,4,"fail"
"286","GP","M",16,"R","GT3","T",2,1,"other","other","course","mother",2,1,0,"no","no","no","yes","no","yes","no","no",3,3,2,1,3,3,2,"success"
"287","GP","M",17,"R","GT3","T",2,1,"other","other","course","mother",1,1,0,"no","no","no","no","no","yes","yes","no",4,4,2,2,4,5,0,"success"
"288","GP","M",17,"U","LE3","T",1,1,"health","other","course","mother",2,1,1,"no","yes","no","yes","yes","yes","yes","no",4,4,4,1,2,5,0,"fail"
"289","GP","F",18,"U","LE3","A",2,1,"other","other","course","mother",1,2,0,"no","yes","no","no","no","yes","yes","yes",4,3,4,1,3,5,2,"success"
"290","GP","F",17,"U","LE3","T",4,2,"teacher","services","reputation","mother",1,4,0,"no","yes","no","yes","yes","yes","yes","no",4,2,3,1,1,4,2,"success"
"291","GP","F",19,"U","GT3","T",2,2,"services","services","home","mother",1,2,0,"no","yes","no","no","yes","yes","yes","no",4,3,3,1,1,5,0,"success"
"292","GP","M",18,"U","LE3","T",2,1,"services","other","course","mother",3,2,1,"no","no","no","yes","no","no","yes","no",4,4,5,4,4,5,4,"success"
"293","GP","F",17,"R","GT3","T",4,2,"other","other","course","mother",1,3,0,"no","yes","no","yes","yes","yes","yes","no",4,3,4,1,3,5,2,"success"
"294","GP","F",18,"U","LE3","T",1,1,"other","at_home","home","mother",1,3,0,"no","yes","no","no","no","yes","no","no",4,4,3,2,3,3,4,"success"
"295","GP","F",18,"R","GT3","T",2,2,"other","other","home","mother",1,2,0,"yes","no","no","no","yes","yes","no","no",3,2,3,1,1,5,4,"success"
"296","GP","M",19,"U","LE3","A",4,3,"services","at_home","reputation","mother",1,2,0,"no","yes","no","no","yes","yes","yes","no",4,3,1,1,1,1,4,"success"
"297","GP","M",18,"U","GT3","T",2,1,"other","other","home","mother",1,2,0,"no","no","no","yes","yes","yes","yes","no",5,2,4,1,2,4,2,"success"
"298","GP","M",17,"R","GT3","T",2,2,"other","services","other","mother",2,1,0,"no","no","no","no","no","no","no","no",5,2,2,1,1,4,0,"fail"
"299","GP","F",17,"U","LE3","T",2,2,"services","services","course","father",1,4,0,"no","no","no","yes","yes","yes","yes","yes",3,4,1,1,1,2,2,"success"
"300","GP","F",20,"R","GT3","T",2,1,"other","other","course","other",2,2,0,"no","yes","yes","yes","yes","no","yes","yes",1,2,3,1,2,2,8,"success"
"301","GP","F",18,"U","GT3","T",4,3,"services","other","home","father",1,2,0,"no","yes","no","no","yes","yes","yes","yes",3,1,2,1,3,2,2,"success"
"302","GP","M",18,"U","GT3","T",4,3,"teacher","other","course","mother",1,2,0,"no","yes","no","no","no","yes","yes","no",4,3,2,1,1,3,2,"success"
"303","GP","M",18,"R","GT3","T",3,2,"other","other","course","mother",1,3,0,"no","no","no","yes","no","yes","no","no",5,3,2,1,1,3,2,"success"
"304","GP","F",17,"U","GT3","T",3,3,"other","other","home","mother",1,3,0,"no","no","no","yes","no","yes","no","no",3,2,3,1,1,4,2,"success"
"305","GP","F",18,"U","GT3","T",2,2,"at_home","services","home","mother",1,3,0,"no","yes","no","yes","yes","yes","yes","yes",4,3,3,1,1,3,0,"success"
"306","GP","M",17,"U","GT3","T",2,2,"other","other","home","father",2,1,0,"no","no","no","no","yes","no","yes","no",4,4,4,2,3,4,8,"fail"
"307","GP","M",18,"R","LE3","A",3,4,"other","other","reputation","mother",2,2,0,"no","yes","no","yes","yes","yes","yes","no",4,2,5,3,4,1,6,"success"
"308","GP","M",17,"U","GT3","T",3,1,"services","other","other","mother",1,2,0,"no","no","no","yes","yes","yes","yes","yes",5,4,4,3,4,5,0,"success"
"309","GP","F",18,"R","GT3","T",4,4,"teacher","other","reputation","mother",2,2,0,"no","no","no","yes","yes","yes","yes","no",4,3,4,2,2,4,8,"success"
"310","GP","M",18,"U","GT3","T",4,2,"health","other","reputation","father",1,2,0,"no","yes","no","yes","yes","yes","yes","yes",5,4,5,1,3,5,4,"success"
"311","GP","F",18,"R","GT3","T",2,1,"other","other","reputation","mother",2,2,0,"no","yes","no","no","yes","no","yes","yes",4,3,5,1,2,3,12,"fail"
"312","GP","F",19,"U","GT3","T",3,3,"other","services","home","other",1,2,0,"no","yes","no","yes","yes","yes","yes","no",4,3,5,3,3,5,16,"success"
"313","GP","F",18,"U","GT3","T",2,3,"other","services","reputation","father",1,4,0,"no","yes","no","yes","yes","yes","yes","yes",4,5,5,1,3,2,10,"success"
"314","GP","F",18,"U","LE3","T",1,1,"other","other","home","mother",2,2,0,"no","yes","no","no","no","yes","no","no",4,4,3,1,1,3,2,"success"
"315","GP","M",17,"R","GT3","T",1,2,"at_home","at_home","home","mother",1,2,0,"no","yes","no","yes","no","yes","no","yes",3,5,2,2,2,1,2,"success"
"316","GP","F",18,"U","GT3","T",2,1,"other","other","home","mother",1,2,0,"no","yes","no","no","yes","yes","yes","yes",4,2,5,1,2,1,8,"success"
"317","GP","F",17,"U","GT3","T",2,4,"at_home","health","reputation","mother",2,2,0,"no","yes","no","no","yes","yes","yes","yes",4,3,3,1,1,1,6,"success"
"318","GP","F",17,"U","LE3","T",2,2,"services","other","course","mother",2,2,0,"yes","yes","no","no","yes","yes","yes","yes",4,4,4,2,3,5,6,"success"
"319","GP","F",18,"R","GT3","A",3,2,"other","services","home","mother",2,2,0,"no","no","no","no","no","no","yes","yes",4,1,1,1,1,5,15,"fail"
"320","GP","M",18,"U","GT3","T",4,4,"teacher","services","home","mother",2,1,0,"no","no","no","yes","yes","yes","yes","no",3,2,4,1,4,3,6,"success"
"321","GP","F",18,"U","GT3","T",4,4,"health","health","reputation","father",1,2,1,"yes","yes","no","yes","yes","yes","yes","yes",2,4,4,1,1,4,2,"success"
"322","GP","F",17,"U","GT3","T",2,2,"other","services","reputation","father",3,3,0,"no","yes","no","no","yes","yes","yes","yes",4,2,3,1,1,1,8,"success"
"323","GP","F",19,"R","GT3","T",3,2,"services","services","reputation","father",1,2,1,"yes","yes","no","no","yes","no","yes","no",3,3,3,4,3,3,0,"fail"
"324","GP","M",18,"U","LE3","T",4,3,"teacher","services","course","mother",2,1,0,"no","no","no","yes","yes","yes","yes","no",4,2,3,1,2,1,0,"fail"
"325","GP","M",18,"U","GT3","T",1,2,"at_home","other","home","other",2,1,0,"no","no","no","no","no","no","yes","no",3,4,4,2,4,4,10,"success"
"326","GP","M",17,"U","LE3","A",4,1,"services","other","home","mother",2,1,0,"no","no","no","yes","yes","yes","yes","yes",4,5,4,2,4,5,22,"fail"
"327","GP","M",17,"U","LE3","A",3,2,"teacher","services","home","mother",1,1,0,"no","no","no","no","yes","yes","yes","no",4,4,4,3,4,3,18,"success"
"328","GP","F",18,"R","LE3","T",1,1,"at_home","other","reputation","mother",2,4,0,"no","yes","no","yes","yes","yes","no","no",5,2,2,1,1,3,2,"success"
"329","GP","F",18,"U","GT3","T",1,1,"other","other","home","mother",2,2,0,"yes","no","no","yes","yes","yes","yes","no",5,4,4,1,1,4,0,"success"
"330","GP","F",17,"U","GT3","T",2,2,"other","other","course","mother",1,2,0,"no","yes","no","no","no","yes","yes","no",5,4,5,1,2,5,12,"success"
"331","GP","F",18,"U","GT3","T",2,1,"other","other","reputation","mother",2,2,0,"no","no","no","yes","yes","yes","yes","yes",4,3,1,1,1,5,10,"success"
"332","GP","M",17,"U","GT3","T",1,1,"other","other","reputation","father",1,2,0,"no","no","no","no","no","yes","yes","no",4,3,3,1,2,4,0,"success"
"333","GP","F",18,"U","GT3","T",2,2,"at_home","at_home","other","mother",1,3,0,"no","yes","no","no","yes","yes","yes","no",4,3,3,1,2,2,0,"success"
"334","GP","F",17,"U","GT3","T",1,1,"services","teacher","reputation","mother",1,3,0,"no","yes","no","no","yes","yes","yes","no",4,3,3,1,1,3,0,"success"
"335","GP","M",18,"U","GT3","T",2,1,"services","services","reputation","mother",1,3,0,"no","no","no","yes","yes","yes","yes","no",4,2,4,1,3,2,0,"success"
"336","GP","M",18,"U","LE3","A",4,4,"teacher","teacher","reputation","mother",1,2,0,"no","yes","no","yes","yes","yes","yes","no",5,4,3,1,1,2,0,"success"
"337","GP","M",18,"U","GT3","T",4,2,"teacher","other","home","mother",1,2,0,"no","yes","no","yes","yes","yes","yes","yes",4,3,2,1,4,5,2,"success"
"338","GP","F",17,"U","GT3","T",4,3,"health","services","reputation","mother",1,3,0,"no","yes","no","no","yes","yes","yes","no",4,2,2,1,2,3,0,"success"
"339","GP","F",17,"R","LE3","T",3,1,"services","other","reputation","mother",2,4,0,"no","yes","no","no","yes","yes","no","no",3,1,2,1,1,3,0,"success"
"340","GP","M",18,"R","LE3","T",3,2,"services","other","reputation","mother",2,3,0,"no","yes","no","yes","yes","yes","yes","no",5,4,2,1,1,4,0,"success"
"341","GP","M",17,"U","GT3","T",3,3,"health","other","home","mother",1,1,0,"no","yes","no","no","yes","yes","yes","no",4,4,3,1,3,5,0,"success"
"342","GP","F",19,"U","GT3","T",4,4,"health","other","reputation","other",2,2,0,"no","yes","no","yes","yes","yes","yes","no",2,3,4,2,3,2,2,"success"
"343","GP","F",18,"U","LE3","T",4,3,"other","other","home","other",2,2,0,"no","yes","no","no","yes","yes","yes","yes",4,4,5,1,2,2,0,"success"
"344","GP","F",18,"U","GT3","T",4,3,"other","other","reputation","father",1,4,0,"no","yes","no","no","yes","yes","yes","no",4,3,3,1,1,3,0,"success"
"345","GP","M",18,"U","LE3","T",4,4,"teacher","teacher","home","mother",1,1,0,"no","yes","no","no","yes","yes","yes","yes",1,4,2,2,2,1,0,"success"
"346","GP","F",18,"U","LE3","A",4,4,"health","other","home","mother",1,2,0,"no","yes","yes","no","yes","yes","yes","yes",4,2,4,1,1,4,0,"success"
"347","GP","M",17,"U","LE3","T",4,4,"other","teacher","home","father",2,1,0,"no","no","no","no","yes","yes","yes","no",4,1,1,2,2,5,0,"success"
"348","GP","F",17,"R","GT3","T",4,4,"services","services","reputation","mother",2,3,0,"no","yes","no","yes","yes","yes","yes","no",5,3,4,1,1,5,0,"fail"
"349","GP","F",17,"U","GT3","T",4,2,"other","other","reputation","mother",2,3,0,"no","yes","no","no","yes","yes","yes","no",4,3,3,1,1,3,0,"success"
"350","GP","F",17,"U","GT3","T",3,2,"health","health","reputation","father",1,4,0,"no","yes","no","yes","no","yes","yes","no",5,2,2,1,2,5,0,"success"
"351","GP","M",19,"R","LE3","T",2,1,"at_home","services","course","mother",2,3,1,"no","no","no","yes","yes","yes","yes","yes",4,3,1,1,1,5,0,"success"
"352","GP","M",20,"U","GT3","A",3,2,"services","other","course","other",1,1,2,"no","no","no","yes","yes","yes","no","no",5,5,3,1,1,5,0,"success"
"353","GP","M",19,"R","GT3","T",3,3,"other","services","reputation","father",1,2,0,"no","no","no","yes","yes","yes","no","yes",4,5,3,1,2,5,0,"success"
"354","GP","F",18,"U","GT3","T",1,4,"other","teacher","home","mother",1,2,0,"yes","yes","no","no","no","yes","no","yes",3,4,4,1,2,5,2,"success"
"355","GP","F",18,"U","GT3","T",2,1,"services","other","course","mother",2,2,0,"no","yes","no","yes","yes","yes","yes","no",5,3,3,1,2,1,2,"success"
"356","GP","F",17,"U","GT3","T",2,3,"other","other","course","father",2,2,0,"no","no","no","yes","yes","yes","yes","yes",4,2,1,1,1,3,2,"success"
"357","GP","F",17,"R","GT3","T",4,4,"teacher","teacher","course","mother",1,1,0,"no","no","no","yes","yes","yes","yes","no",4,4,4,1,1,5,2,"success"
"358","GP","F",18,"U","GT3","T",4,3,"other","other","course","mother",1,3,0,"no","yes","no","yes","yes","yes","yes","yes",4,3,4,1,1,5,2,"success"
"359","GP","F",18,"U","LE3","T",4,3,"health","services","course","mother",2,1,0,"no","yes","no","no","yes","yes","yes","no",3,2,4,1,4,1,8,"success"
"360","GP","F",17,"R","GT3","T",3,4,"at_home","services","course","father",1,3,0,"no","yes","no","yes","no","yes","yes","no",4,3,4,2,5,5,2,"success"
"361","GP","F",18,"U","GT3","T",3,3,"at_home","other","course","father",1,2,0,"no","yes","no","no","yes","yes","yes","no",4,1,4,1,1,3,8,"success"
"362","GP","M",19,"U","GT3","T",4,2,"health","other","course","mother",2,2,0,"no","yes","no","yes","yes","yes","yes","yes",5,4,4,1,1,1,9,"fail"
"363","GP","F",18,"U","GT3","T",4,4,"teacher","other","course","mother",1,2,0,"no","yes","no","no","yes","yes","yes","no",4,4,4,3,3,5,0,"success"
"364","GP","F",18,"U","GT3","T",3,4,"other","other","course","mother",1,1,0,"no","yes","no","yes","yes","yes","yes","yes",5,4,4,1,1,1,4,"success"
"365","GP","F",17,"U","GT3","T",4,4,"health","health","course","mother",1,1,0,"no","no","no","yes","yes","yes","yes","no",5,3,4,1,2,5,2,"success"
"366","GP","F",17,"U","GT3","A",4,3,"services","services","course","mother",1,2,0,"no","yes","no","no","yes","yes","yes","yes",5,2,2,1,2,5,14,"success"
"367","GP","F",17,"U","LE3","A",3,3,"services","other","home","mother",1,2,0,"yes","yes","no","no","yes","yes","yes","no",5,3,3,1,1,5,0,"success"
"368","GP","F",17,"U","LE3","T",2,1,"other","other","home","father",1,2,0,"no","no","no","yes","yes","yes","yes","no",4,2,3,2,2,2,2,"success"
"369","GP","M",18,"U","LE3","T",4,4,"other","other","reputation","father",1,1,0,"no","yes","no","no","yes","yes","yes","no",4,2,5,3,4,5,2,"success"
"370","GP","F",19,"U","GT3","T",1,1,"other","other","course","other",3,3,0,"no","no","no","yes","yes","no","no","yes",1,5,5,4,3,5,12,"success"
"371","GP","F",19,"U","LE3","A",1,1,"other","other","course","other",3,2,2,"no","yes","no","no","no","yes","yes","yes",5,3,4,1,1,4,2,"fail"
"372","GP","F",18,"U","GT3","T",2,2,"other","other","course","mother",1,1,0,"no","yes","no","yes","yes","yes","yes","yes",4,3,5,2,4,5,2,"fail"
"373","GP","F",17,"U","GT3","T",2,2,"other","other","course","mother",1,2,0,"no","yes","no","no","yes","yes","no","yes",4,2,2,1,1,3,4,"success"
"374","GP","F",17,"R","LE3","T",2,2,"services","services","course","mother",1,3,0,"no","yes","no","yes","yes","yes","yes","no",3,3,2,2,2,3,0,"fail"
"375","GP","F",17,"U","GT3","T",3,1,"services","services","course","father",1,3,0,"no","yes","no","no","no","yes","yes","no",3,4,3,2,3,5,0,"success"
"376","GP","F",17,"U","LE3","T",0,2,"at_home","at_home","home","father",2,3,0,"no","no","no","no","yes","yes","yes","no",3,3,3,2,3,2,0,"success"
"377","GP","F",18,"U","GT3","T",1,1,"other","other","home","mother",2,3,0,"no","no","no","yes","yes","yes","yes","no",4,5,5,1,2,2,0,"success"
"378","GP","M",18,"U","GT3","T",4,4,"other","other","course","mother",1,3,0,"no","no","no","yes","yes","yes","yes","no",4,3,3,2,2,3,0,"success"
"379","GP","M",17,"U","GT3","T",3,3,"other","services","reputation","mother",1,1,0,"no","no","no","yes","no","yes","yes","no",4,3,5,3,5,5,0,"success"
"380","GP","M",17,"R","GT3","T",2,2,"services","other","course","mother",4,1,0,"no","yes","no","no","yes","yes","yes","no",4,4,5,5,5,4,2,"fail"
"381","GP","F",17,"U","GT3","T",4,4,"teacher","services","course","mother",1,3,0,"no","yes","no","yes","yes","yes","yes","no",5,4,4,1,3,4,0,"success"
"382","GP","F",17,"U","GT3","T",4,4,"teacher","teacher","course","mother",2,3,0,"no","yes","no","no","no","yes","yes","yes",4,3,3,1,2,4,4,"success"
"383","GP","F",17,"U","GT3","T",3,3,"at_home","other","course","mother",1,1,0,"no","yes","yes","yes","yes","yes","yes","no",4,2,5,2,5,5,2,"success"
"384","GP","M",18,"U","LE3","T",2,2,"other","other","course","mother",1,4,0,"no","yes","yes","yes","yes","yes","yes","no",4,5,5,2,4,5,0,"success"
"385","GP","M",19,"R","GT3","T",3,2,"at_home","services","home","other",1,1,0,"no","yes","no","no","no","yes","no","yes",5,3,4,2,2,5,0,"fail"
"386","GP","F",18,"U","GT3","T",2,2,"at_home","other","course","mother",4,2,0,"no","no","no","yes","yes","yes","no","yes",4,2,5,1,1,2,2,"fail"
"387","GP","F",17,"R","GT3","T",2,4,"at_home","other","course","father",1,3,0,"no","yes","no","no","yes","yes","yes","yes",4,4,3,1,1,5,0,"success"
"388","GP","M",18,"U","GT3","T",2,2,"other","other","reputation","mother",1,1,0,"no","no","no","no","no","yes","yes","no",5,4,2,1,2,5,6,"success"
"389","GP","F",18,"U","GT3","T",3,3,"services","services","home","mother",1,2,0,"no","no","no","yes","yes","yes","yes","no",5,3,4,1,1,4,8,"success"
"390","GP","F",18,"U","LE3","T",2,2,"other","other","home","other",1,2,0,"no","no","no","yes","no","yes","yes","yes",4,3,3,1,1,2,0,"success"
"391","GP","F",18,"R","GT3","T",2,2,"at_home","other","course","mother",2,4,0,"no","no","no","yes","yes","yes","no","no",4,4,4,1,1,4,6,"success"
"392","GP","F",17,"U","GT3","T",3,4,"services","other","course","mother",1,3,0,"no","no","no","no","yes","yes","yes","no",4,4,5,1,3,5,8,"success"
"393","GP","F",17,"U","GT3","T",3,2,"other","other","home","mother",1,2,0,"no","yes","no","no","yes","yes","yes","yes",4,3,2,2,3,2,0,"success"
"394","GP","F",18,"U","LE3","T",3,3,"services","services","home","mother",1,4,0,"no","yes","no","no","yes","yes","yes","no",5,3,3,1,1,1,4,"success"
"395","GP","F",17,"R","GT3","A",3,2,"other","other","home","mother",1,2,0,"no","yes","no","no","yes","yes","yes","no",4,3,3,2,3,2,0,"success"
"396","GP","M",18,"U","GT3","T",4,4,"teacher","services","home","father",1,2,0,"no","yes","no","yes","yes","yes","yes","no",4,3,3,2,2,2,0,"success"
"397","GP","M",18,"U","LE3","T",3,4,"services","other","home","mother",1,2,0,"no","no","no","yes","yes","yes","yes","yes",4,3,3,1,3,5,6,"success"
"398","GP","F",17,"U","GT3","A",2,2,"at_home","at_home","home","father",1,2,0,"no","yes","no","no","yes","yes","yes","yes",3,3,1,1,2,4,18,"success"
"399","GP","F",18,"U","GT3","T",2,3,"at_home","other","course","mother",1,3,0,"no","yes","no","no","yes","yes","yes","no",4,3,3,1,2,3,0,"success"
"400","GP","F",18,"U","GT3","T",3,2,"other","services","other","mother",1,3,0,"no","no","no","no","yes","yes","yes","yes",5,4,3,2,3,1,4,"success"
"401","GP","M",18,"R","GT3","T",4,3,"teacher","services","course","mother",1,3,0,"no","no","no","no","yes","yes","yes","yes",5,3,2,1,2,4,4,"success"
"402","GP","M",18,"U","GT3","T",4,3,"teacher","other","course","mother",1,3,0,"no","yes","no","no","yes","yes","yes","yes",5,4,5,2,3,5,0,"success"
"403","GP","F",17,"U","GT3","T",4,3,"health","other","reputation","mother",1,3,0,"no","yes","no","yes","yes","yes","yes","yes",4,4,3,1,3,4,0,"success"
"404","GP","F",17,"U","GT3","T",2,1,"services","other","course","mother",2,2,0,"no","yes","no","yes","yes","yes","yes","yes",4,3,4,2,2,1,10,"success"
"405","GP","F",17,"U","GT3","T",2,1,"services","other","reputation","mother",1,2,0,"no","yes","no","yes","yes","yes","yes","no",4,3,5,2,4,4,4,"success"
"406","GP","F",19,"U","LE3","A",2,3,"at_home","other","home","other",2,1,1,"no","no","no","no","yes","no","yes","no",2,2,3,3,4,5,16,"success"
"407","GP","F",17,"U","GT3","T",3,1,"other","at_home","home","mother",1,1,1,"no","yes","yes","no","yes","yes","yes","yes",4,1,2,1,1,3,6,"success"
"408","GP","F",21,"U","LE3","T",4,4,"other","other","reputation","other",1,3,2,"no","no","yes","yes","yes","yes","yes","no",3,3,2,1,1,5,0,"success"
"409","GP","M",18,"U","LE3","T",2,2,"services","services","reputation","mother",1,2,0,"no","yes","no","yes","no","no","yes","no",4,4,4,1,3,3,11,"success"
"410","GP","M",18,"U","LE3","A",3,4,"other","other","reputation","other",1,2,0,"no","no","no","yes","yes","yes","yes","yes",4,3,5,1,4,2,9,"success"
"411","GP","F",17,"U","GT3","T",2,2,"services","services","reputation","mother",1,2,0,"no","yes","no","yes","yes","yes","yes","no",4,3,4,1,3,4,0,"success"
"412","GP","M",17,"U","LE3","A",4,4,"health","other","reputation","mother",1,3,0,"no","yes","no","no","yes","yes","yes","no",4,4,2,1,2,4,2,"success"
"413","GP","F",18,"U","LE3","T",4,2,"teacher","other","course","mother",1,2,0,"no","yes","no","yes","yes","yes","yes","no",4,2,2,1,1,3,0,"success"
"414","GP","M",21,"R","LE3","T",1,1,"at_home","other","course","other",2,2,2,"no","yes","no","yes","yes","no","yes","yes",5,3,3,5,2,4,21,"fail"
"415","GP","F",20,"R","GT3","T",1,1,"other","other","reputation","other",2,3,0,"no","no","no","no","yes","yes","yes","yes",3,2,2,1,3,3,8,"success"
"416","GP","F",19,"U","GT3","T",4,4,"teacher","other","home","other",1,1,1,"no","yes","no","no","yes","yes","yes","yes",3,2,5,4,4,5,5,"success"
"417","GP","M",17,"U","LE3","A",3,2,"other","other","reputation","mother",1,2,0,"no","yes","no","no","yes","yes","yes","no",4,4,4,1,2,5,10,"success"
"418","GP","F",18,"U","GT3","T",3,2,"at_home","other","reputation","father",1,3,0,"no","yes","no","no","yes","yes","yes","yes",4,3,4,1,2,2,5,"success"
"419","GP","M",18,"R","GT3","T",2,3,"other","services","reputation","father",1,1,0,"no","no","no","no","yes","yes","yes","no",3,1,3,4,5,4,13,"success"
"420","GP","M",19,"U","GT3","T",2,1,"other","other","reputation","mother",1,1,0,"no","no","no","no","yes","yes","yes","no",5,3,4,1,4,4,10,"success"
"421","GP","F",18,"U","LE3","A",2,2,"services","other","reputation","mother",2,2,0,"no","yes","no","no","yes","yes","yes","no",4,1,4,1,3,4,10,"success"
"422","GP","F",20,"U","GT3","T",1,0,"other","other","reputation","mother",2,1,1,"yes","no","no","no","yes","yes","yes","yes",5,3,1,1,1,5,5,"fail"
"423","GP","F",18,"U","GT3","T",3,2,"services","other","home","mother",1,2,0,"no","yes","no","yes","no","yes","yes","yes",3,1,2,1,2,1,4,"success"
"424","MS","F",16,"U","GT3","T",1,3,"at_home","other","other","father",2,1,0,"no","yes","no","no","yes","no","yes","yes",4,3,3,1,3,5,11,"success"
"425","MS","F",16,"R","GT3","T",2,2,"other","other","course","mother",2,2,0,"no","yes","no","yes","yes","yes","yes","no",4,4,4,1,1,5,0,"success"
"426","MS","F",15,"R","GT3","T",1,1,"at_home","services","other","mother",1,1,1,"no","yes","no","no","yes","yes","no","yes",4,1,3,1,1,2,6,"fail"
"427","MS","F",15,"R","GT3","T",3,3,"at_home","other","course","mother",2,1,0,"no","yes","no","no","yes","yes","yes","no",5,4,4,2,3,5,4,"success"
"428","MS","F",16,"R","GT3","T",2,3,"at_home","services","course","mother",2,2,0,"no","no","no","no","yes","yes","no","no",4,5,2,1,2,5,0,"success"
"429","MS","F",15,"R","LE3","T",2,1,"at_home","other","home","mother",2,1,0,"no","no","no","no","yes","no","no","no",1,3,4,1,1,1,0,"fail"
"430","MS","M",16,"R","LE3","A",4,4,"at_home","other","home","mother",1,2,0,"no","yes","no","no","yes","yes","no","no",5,3,2,1,3,2,5,"success"
"431","MS","M",16,"U","GT3","A",1,2,"other","other","other","mother",1,3,0,"yes","no","no","no","yes","yes","yes","no",4,4,3,1,1,5,0,"success"
"432","MS","F",17,"R","GT3","T",3,2,"at_home","other","course","father",1,2,1,"no","no","no","no","yes","yes","no","yes",4,5,4,1,2,5,0,"fail"
"433","MS","F",17,"R","GT3","T",1,1,"other","other","other","father",1,1,1,"no","yes","no","no","no","no","yes","no",5,4,4,2,2,5,0,"fail"
"434","MS","F",15,"R","GT3","T",4,4,"teacher","other","course","mother",2,1,0,"no","no","no","no","yes","yes","yes","yes",1,5,1,3,5,5,0,"success"
"435","MS","F",16,"U","LE3","A",2,2,"at_home","other","reputation","mother",2,4,0,"no","no","no","yes","no","no","no","yes",1,2,1,1,1,1,4,"success"
"436","MS","F",15,"R","LE3","T",1,1,"at_home","services","reputation","father",2,2,0,"no","yes","no","no","yes","yes","yes","no",5,4,3,1,2,4,0,"fail"
"437","MS","F",15,"R","LE3","T",1,1,"other","services","course","mother",2,1,1,"no","yes","no","no","yes","yes","yes","yes",4,4,3,1,2,2,4,"fail"
"438","MS","F",16,"R","GT3","T",0,2,"other","other","other","mother",2,1,0,"no","yes","no","yes","yes","yes","no","no",3,2,3,1,2,2,0,"success"
"439","MS","F",17,"R","GT3","T",2,3,"other","other","course","mother",2,1,0,"no","yes","no","no","yes","yes","yes","no",5,5,5,1,3,3,2,"success"
"440","MS","F",15,"R","GT3","T",3,3,"other","services","course","father",2,1,0,"no","no","no","no","no","yes","yes","no",4,1,3,1,1,4,0,"success"
"441","MS","M",16,"U","GT3","T",1,1,"at_home","services","home","mother",2,2,0,"no","yes","no","yes","yes","yes","no","yes",5,4,5,4,5,3,0,"fail"
"442","MS","M",17,"U","GT3","T",1,1,"other","other","home","mother",1,2,0,"no","no","yes","no","no","yes","yes","no",4,4,3,2,4,5,4,"fail"
"443","MS","M",15,"R","LE3","T",4,1,"health","services","reputation","father",1,2,0,"no","yes","no","yes","yes","yes","yes","no",5,3,4,1,2,2,0,"success"
"444","MS","M",15,"R","LE3","T",4,1,"health","services","reputation","father",1,2,0,"no","yes","no","yes","yes","yes","yes","no",5,3,4,1,2,2,7,"fail"
"445","MS","M",16,"R","GT3","T",3,4,"other","health","other","mother",3,2,0,"no","no","no","no","no","yes","no","no",3,4,5,1,2,5,4,"success"
"446","MS","M",15,"R","GT3","T",1,1,"other","other","course","mother",4,2,0,"no","yes","no","yes","yes","yes","no","yes",5,4,5,2,4,4,8,"fail"
"447","MS","M",15,"U","LE3","T",3,3,"at_home","at_home","reputation","father",1,2,0,"no","yes","no","yes","yes","yes","yes","no",5,3,3,1,1,5,0,"success"
"448","MS","M",17,"R","GT3","T",2,1,"other","other","other","mother",3,1,0,"no","no","no","yes","yes","no","no","yes",5,5,5,5,5,3,8,"fail"
"449","MS","F",16,"R","GT3","T",4,4,"teacher","teacher","course","mother",2,3,0,"no","no","no","yes","yes","yes","yes","yes",4,2,2,1,1,4,6,"success"
"450","MS","F",15,"R","GT3","T",1,2,"other","services","course","mother",2,1,0,"no","no","no","no","yes","yes","no","no",5,1,2,1,1,1,3,"success"
"451","MS","F",16,"R","GT3","T",2,3,"other","services","course","mother",3,2,0,"no","yes","no","no","yes","yes","yes","no",4,5,4,1,2,1,2,"success"
"452","MS","M",16,"R","GT3","T",1,2,"other","other","course","father",2,2,0,"no","no","no","no","yes","yes","no","no",4,3,3,1,1,5,0,"success"
"453","MS","F",16,"R","GT3","T",2,2,"other","other","course","mother",3,2,0,"no","yes","no","no","yes","yes","yes","no",4,4,5,1,1,4,4,"success"
"454","MS","F",16,"U","GT3","T",1,2,"other","services","course","mother",1,3,1,"no","yes","no","no","yes","yes","no","no",1,3,2,1,2,4,0,"fail"
"455","MS","F",16,"U","GT3","T",1,2,"other","services","course","mother",1,3,1,"no","yes","no","no","yes","yes","no","no",1,3,2,1,2,4,3,"fail"
"456","MS","F",15,"U","GT3","T",2,1,"at_home","other","home","mother",1,2,0,"yes","yes","no","no","no","yes","yes","no",4,4,2,3,3,2,0,"fail"
"457","MS","F",16,"U","GT3","T",1,1,"at_home","other","course","father",1,2,0,"no","yes","no","no","no","yes","no","yes",5,4,3,2,1,2,0,"success"
"458","MS","M",17,"R","LE3","T",1,2,"at_home","services","reputation","mother",1,1,0,"no","yes","no","yes","yes","yes","yes","no",5,5,5,5,5,3,4,"success"
"459","MS","F",16,"R","GT3","T",1,1,"other","other","home","father",4,4,0,"no","yes","no","no","no","yes","yes","no",4,3,2,1,1,1,0,"success"
"460","MS","F",16,"R","GT3","T",1,1,"at_home","other","other","father",4,3,0,"yes","yes","no","no","yes","yes","no","no",4,4,3,1,1,5,2,"fail"
"461","MS","F",15,"R","GT3","T",1,1,"at_home","other","home","father",2,2,0,"no","yes","no","yes","yes","yes","yes","no",4,3,3,1,1,2,1,"success"
"462","MS","F",16,"R","GT3","T",1,1,"at_home","other","other","mother",2,1,0,"no","no","no","yes","yes","yes","yes","yes",4,2,2,4,3,2,0,"success"
"463","MS","F",15,"R","GT3","T",1,1,"at_home","at_home","course","father",3,2,0,"no","yes","no","no","yes","yes","no","no",4,2,1,1,2,2,0,"success"
"464","MS","F",15,"R","LE3","T",2,2,"other","other","other","father",1,3,0,"yes","yes","no","no","yes","yes","no","no",4,4,3,2,2,5,2,"success"
"465","MS","M",16,"R","GT3","T",1,1,"at_home","other","other","father",2,1,0,"no","no","no","yes","yes","yes","no","no",3,4,4,3,4,5,6,"success"
"466","MS","F",18,"U","GT3","T",1,2,"other","other","course","father",1,2,1,"no","yes","no","yes","yes","yes","yes","yes",3,4,4,2,3,5,9,"fail"
"467","MS","M",15,"U","GT3","T",3,1,"other","services","home","mother",2,1,0,"no","yes","no","no","yes","yes","no","no",3,2,3,1,3,4,0,"success"
"468","MS","F",16,"R","GT3","T",2,2,"other","services","course","father",3,2,0,"no","yes","no","yes","yes","yes","yes","no",5,3,4,1,1,2,1,"success"
"469","MS","M",15,"U","GT3","T",2,2,"health","other","reputation","mother",3,1,0,"no","no","no","no","yes","yes","no","no",4,3,3,1,2,4,1,"success"
"470","MS","M",16,"U","GT3","T",4,4,"other","teacher","course","father",1,2,0,"no","yes","no","yes","yes","yes","no","yes",4,3,1,1,1,3,0,"success"
"471","MS","F",15,"R","GT3","T",3,3,"services","other","reputation","mother",1,2,0,"no","yes","no","no","yes","yes","yes","yes",4,5,4,1,1,1,4,"success"
"472","MS","F",16,"R","GT3","T",2,2,"at_home","other","course","mother",2,2,1,"no","yes","no","yes","no","yes","no","no",4,4,4,2,3,5,2,"success"
"473","MS","F",16,"R","LE3","T",2,2,"other","other","home","father",3,1,0,"no","yes","no","yes","yes","yes","no","yes",4,3,2,1,1,4,0,"success"
"474","MS","M",16,"U","LE3","T",2,1,"at_home","services","course","mother",2,1,0,"no","yes","no","yes","yes","yes","yes","no",2,4,3,2,3,4,4,"fail"
"475","MS","M",15,"R","LE3","T",1,3,"at_home","other","reputation","father",3,1,0,"no","yes","no","yes","yes","yes","yes","no",4,2,4,3,5,3,2,"success"
"476","MS","F",15,"U","GT3","T",2,2,"other","services","course","mother",2,3,0,"no","yes","no","yes","yes","yes","no","no",5,3,2,1,1,4,0,"success"
"477","MS","F",16,"R","LE3","T",2,1,"other","other","home","mother",1,1,0,"no","yes","no","no","yes","yes","yes","yes",5,4,3,1,1,5,2,"fail"
"478","MS","M",15,"U","GT3","T",3,3,"services","services","course","father",2,1,0,"no","yes","no","yes","no","yes","yes","no",4,3,3,2,4,3,11,"success"
"479","MS","F",16,"R","GT3","T",1,1,"at_home","other","course","father",2,2,3,"yes","yes","no","no","yes","yes","no","no",3,4,3,1,1,1,0,"fail"
"480","MS","F",17,"U","GT3","T",2,2,"other","at_home","course","mother",1,1,0,"no","yes","no","yes","yes","no","no","no",4,5,3,1,1,5,4,"fail"
"481","MS","F",19,"U","GT3","T",2,3,"at_home","services","course","other",1,1,1,"no","no","no","no","yes","no","yes","yes",4,4,4,1,1,2,0,"fail"
"482","MS","F",17,"R","GT3","T",2,1,"at_home","other","course","mother",3,1,0,"no","yes","no","yes","yes","no","no","yes",5,5,3,1,1,3,2,"success"
"483","MS","F",15,"R","LE3","T",1,1,"at_home","other","course","mother",2,1,0,"no","yes","no","no","yes","no","no","yes",5,2,1,1,3,4,0,"fail"
"484","MS","F",16,"R","GT3","T",2,2,"other","other","course","father",3,2,0,"no","yes","no","no","yes","no","yes","no",3,4,5,1,2,1,1,"success"
"485","MS","F",16,"U","LE3","A",2,2,"other","other","home","mother",1,1,0,"no","yes","no","no","yes","no","no","no",4,3,4,1,2,1,6,"fail"
"486","MS","F",17,"R","GT3","T",2,2,"at_home","other","course","mother",2,2,0,"no","yes","no","no","yes","yes","yes","no",4,3,5,1,2,4,0,"success"
"487","MS","F",16,"U","GT3","T",2,2,"other","services","course","father",1,1,1,"no","yes","yes","yes","no","yes","yes","no",4,4,3,1,4,3,1,"fail"
"488","MS","F",18,"R","LE3","A",3,2,"other","other","course","other",2,3,2,"no","yes","no","no","no","no","no","yes",3,3,2,1,1,2,6,"fail"
"489","MS","F",19,"U","GT3","T",1,1,"at_home","services","course","mother",1,3,1,"no","no","no","yes","yes","no","no","yes",5,3,1,1,1,3,6,"fail"
"490","MS","M",18,"R","GT3","T",1,1,"other","other","home","mother",2,1,1,"no","no","no","yes","yes","no","yes","no",4,4,3,3,4,4,0,"fail"
"491","MS","F",18,"R","GT3","T",1,1,"at_home","at_home","course","mother",2,1,1,"no","no","no","no","no","no","yes","yes",3,2,3,1,1,2,4,"fail"
"492","MS","F",19,"U","GT3","T",1,1,"other","other","course","other",2,2,1,"no","yes","no","no","yes","yes","yes","yes",1,1,4,4,1,1,12,"fail"
"493","MS","F",16,"R","GT3","A",2,2,"health","other","course","mother",1,2,0,"no","no","no","no","no","yes","no","yes",3,3,2,1,1,3,2,"fail"
"494","MS","F",17,"U","GT3","T",0,1,"other","at_home","course","father",2,1,0,"no","no","no","yes","no","yes","no","no",2,4,4,3,5,5,5,"fail"
"495","MS","F",16,"R","LE3","T",1,2,"at_home","other","course","mother",1,2,0,"no","no","no","yes","yes","no","yes","no",4,4,5,1,3,3,0,"fail"
"496","MS","F",16,"U","GT3","T",3,3,"other","other","reputation","mother",1,1,0,"no","no","no","yes","yes","no","yes","yes",4,5,4,1,1,4,0,"success"
"497","MS","F",16,"R","LE3","T",1,1,"services","services","home","mother",1,1,0,"no","yes","no","yes","yes","yes","yes","yes",4,4,4,2,2,4,2,"success"
"498","MS","M",17,"U","GT3","T",3,3,"services","at_home","course","mother",2,4,1,"no","yes","yes","yes","yes","yes","no","no",5,4,5,3,4,5,0,"fail"
"499","MS","F",16,"U","GT3","T",2,1,"other","services","course","mother",1,2,0,"no","yes","no","yes","yes","yes","yes","no",5,3,3,1,1,1,0,"success"
"500","MS","F",16,"U","GT3","T",2,2,"services","other","course","mother",1,1,0,"no","yes","yes","yes","yes","yes","no","yes",4,2,5,1,2,5,0,"success"
"501","MS","M",17,"U","GT3","T",1,2,"other","other","course","father",1,1,1,"no","yes","no","yes","yes","no","yes","yes",5,3,5,5,5,1,12,"fail"
"502","MS","M",16,"U","LE3","T",4,3,"other","other","course","father",1,1,0,"no","no","no","yes","yes","yes","yes","no",4,2,5,1,5,5,8,"success"
"503","MS","M",17,"R","LE3","T",2,2,"services","services","other","mother",3,4,1,"no","yes","no","no","yes","yes","no","no",1,3,5,3,5,3,2,"fail"
"504","MS","F",16,"U","GT3","T",1,1,"other","other","course","other",1,4,0,"yes","yes","no","yes","yes","yes","yes","no",2,2,1,1,1,5,0,"success"
"505","MS","F",19,"U","LE3","T",2,2,"other","other","home","mother",1,3,0,"no","no","no","no","yes","yes","yes","yes",5,4,5,1,1,1,0,"success"
"506","MS","F",17,"R","GT3","T",1,1,"at_home","other","reputation","mother",2,1,0,"no","yes","no","yes","no","yes","yes","yes",4,4,5,1,2,5,0,"success"
"507","MS","F",20,"U","GT3","T",3,3,"at_home","services","other","mother",2,2,1,"no","no","no","yes","yes","yes","yes","yes",3,3,4,2,4,3,8,"fail"
"508","MS","F",17,"U","LE3","T",1,1,"other","services","course","father",1,3,0,"no","yes","no","no","yes","yes","no","yes",4,3,3,1,1,3,0,"fail"
"509","MS","M",17,"R","GT3","T",2,2,"other","other","course","mother",3,1,1,"no","yes","no","no","no","yes","yes","no",4,4,5,1,2,5,0,"fail"
"510","MS","F",16,"R","LE3","T",1,1,"at_home","other","course","father",3,2,0,"no","yes","no","no","yes","yes","no","no",5,3,2,1,1,1,0,"success"
"511","MS","F",17,"R","GT3","T",2,2,"other","other","reputation","mother",2,2,0,"no","yes","no","yes","yes","yes","no","no",5,3,2,1,1,1,0,"success"
"512","MS","F",17,"U","GT3","A",1,0,"other","other","other","mother",2,2,0,"no","no","no","no","yes","yes","yes","yes",4,4,5,1,1,4,1,"fail"
"513","MS","F",18,"R","GT3","T",1,1,"at_home","other","other","mother",1,2,1,"no","yes","no","no","yes","yes","yes","yes",4,3,2,1,1,5,9,"fail"
"514","MS","F",16,"U","GT3","T",3,1,"other","other","course","mother",1,1,0,"no","no","no","yes","yes","yes","yes","no",3,1,3,1,3,1,0,"fail"
"515","MS","F",16,"U","GT3","T",3,2,"services","at_home","course","mother",1,1,0,"no","no","no","no","yes","yes","yes","no",3,1,3,1,4,3,2,"fail"
"516","MS","F",18,"U","LE3","T",1,1,"other","at_home","reputation","mother",2,2,0,"yes","no","no","no","yes","yes","no","no",2,3,5,1,4,3,8,"fail"
"517","MS","F",16,"R","GT3","T",4,4,"health","teacher","reputation","father",1,2,0,"no","no","no","yes","no","yes","yes","yes",4,3,3,2,3,2,0,"success"
"518","MS","F",16,"R","LE3","T",1,2,"other","other","reputation","mother",2,1,0,"no","no","no","yes","yes","yes","yes","no",5,4,5,1,4,2,0,"success"
"519","MS","F",18,"U","GT3","A",2,4,"other","services","reputation","father",1,2,1,"no","yes","no","no","yes","yes","yes","no",2,3,2,1,3,1,8,"fail"
"520","MS","M",16,"R","GT3","T",2,1,"other","services","reputation","mother",2,2,0,"no","no","no","yes","yes","yes","yes","no",5,2,1,1,1,2,0,"fail"
"521","MS","F",16,"U","LE3","T",1,1,"at_home","other","other","mother",3,2,0,"no","yes","no","no","yes","yes","yes","no",4,3,2,1,3,5,6,"fail"
"522","MS","F",16,"R","GT3","T",2,3,"at_home","services","other","mother",2,2,0,"no","yes","no","yes","yes","yes","yes","no",3,3,3,1,1,2,0,"fail"
"523","MS","F",16,"U","GT3","T",4,4,"health","health","course","mother",1,2,0,"no","yes","no","no","yes","yes","yes","yes",4,3,4,1,2,3,4,"fail"
"524","MS","M",18,"U","LE3","T",4,4,"at_home","health","home","mother",1,4,0,"no","yes","no","yes","yes","no","yes","yes",5,5,5,5,5,5,2,"fail"
"525","MS","F",16,"R","LE3","T",3,4,"at_home","other","other","mother",3,2,0,"no","yes","no","no","no","yes","no","no",4,2,1,1,1,2,2,"fail"
"526","MS","M",17,"U","LE3","T",4,4,"other","services","home","mother",1,3,0,"no","yes","no","no","yes","yes","yes","no",4,4,3,1,2,5,0,"success"
"527","MS","F",17,"R","GT3","T",4,1,"other","other","other","mother",1,1,0,"no","no","no","no","yes","yes","yes","yes",4,2,3,1,2,5,1,"success"
"528","MS","M",16,"U","LE3","T",2,2,"services","services","other","mother",4,3,0,"no","no","no","no","yes","yes","no","no",5,1,3,2,2,3,0,"fail"
"529","MS","F",17,"R","GT3","T",2,2,"at_home","other","other","mother",1,1,0,"no","yes","yes","no","yes","yes","yes","no",5,1,3,1,2,5,5,"fail"
"530","MS","F",16,"U","LE3","T",4,4,"services","services","other","father",2,1,0,"no","yes","no","no","yes","yes","no","no",5,1,3,1,2,5,1,"success"
"531","MS","M",17,"U","GT3","T",3,3,"services","services","home","mother",1,1,0,"no","yes","no","yes","yes","yes","yes","no",4,1,4,5,5,3,8,"fail"
"532","MS","M",17,"U","GT3","T",1,1,"at_home","services","other","mother",3,2,0,"no","no","no","no","yes","yes","yes","yes",5,1,3,3,3,1,0,"fail"
"533","MS","M",16,"U","GT3","T",2,1,"health","services","other","mother",2,2,0,"no","no","no","no","no","yes","yes","yes",4,2,2,1,4,5,2,"fail"
"534","MS","F",16,"U","LE3","T",2,1,"other","services","other","mother",1,2,0,"no","no","no","no","yes","yes","yes","yes",3,2,2,1,1,3,0,"success"
"535","MS","M",16,"U","LE3","T",4,4,"teacher","health","other","father",1,1,0,"no","yes","no","no","yes","yes","yes","no",4,1,2,2,5,5,0,"success"
"536","MS","M",15,"R","GT3","T",1,2,"other","services","course","mother",3,2,0,"no","yes","no","yes","yes","yes","no","no",5,5,5,1,3,5,11,"fail"
"537","MS","M",15,"U","LE3","A",2,2,"other","other","reputation","mother",3,4,0,"no","yes","no","yes","yes","yes","no","no",5,4,5,2,3,5,8,"success"
"538","MS","M",15,"U","LE3","A",2,1,"services","services","course","mother",1,1,0,"no","no","no","yes","yes","yes","yes","no",4,3,3,1,2,5,11,"success"
"539","MS","F",16,"R","LE3","T",2,2,"other","other","course","mother",1,3,0,"no","yes","no","no","no","yes","no","yes",4,3,3,2,2,5,2,"success"
"540","MS","F",16,"U","LE3","T",4,1,"other","other","home","mother",2,2,0,"no","yes","no","yes","yes","yes","yes","no",1,2,4,2,2,1,8,"fail"
"541","MS","F",17,"U","GT3","T",3,2,"at_home","other","home","mother",2,1,0,"no","no","no","no","yes","yes","no","yes",4,3,3,2,2,1,5,"success"
"542","MS","F",17,"R","GT3","T",2,2,"other","other","other","mother",2,2,0,"yes","no","yes","no","yes","yes","no","no",5,1,3,1,1,5,0,"success"
"543","MS","F",16,"U","GT3","T",4,4,"teacher","services","course","mother",2,3,0,"no","yes","no","no","yes","yes","yes","yes",5,3,5,1,4,5,1,"success"
"544","MS","M",17,"R","GT3","T",4,4,"health","other","course","father",3,1,3,"no","no","no","yes","yes","yes","yes","yes",3,3,3,1,3,5,2,"fail"
"545","MS","M",17,"R","LE3","T",1,3,"other","other","course","father",2,1,0,"no","no","no","yes","yes","yes","no","yes",5,1,2,3,3,5,2,"success"
"546","MS","M",17,"U","GT3","T",3,4,"services","other","other","mother",1,2,1,"no","yes","no","yes","no","yes","yes","yes",5,4,4,3,4,5,8,"fail"
"547","MS","F",17,"U","GT3","T",4,4,"health","health","course","father",1,2,0,"no","yes","no","no","yes","yes","yes","no",5,2,5,1,1,5,0,"success"
"548","MS","M",16,"R","LE3","T",4,1,"other","at_home","other","father",1,1,0,"no","no","no","no","yes","yes","yes","no",4,1,2,2,1,2,0,"success"
"549","MS","F",17,"U","GT3","A",1,1,"at_home","at_home","other","mother",1,2,0,"no","no","no","yes","yes","yes","yes","yes",4,5,5,1,2,3,2,"success"
"550","MS","F",17,"R","GT3","T",4,2,"other","other","course","mother",2,2,0,"yes","yes","no","no","no","yes","yes","no",4,3,3,2,3,5,0,"success"
"551","MS","M",16,"U","LE3","A",2,2,"other","services","course","father",2,2,0,"no","yes","no","no","no","yes","yes","yes",4,1,2,2,2,5,0,"success"
"552","MS","M",17,"U","GT3","T",3,2,"other","other","other","father",2,2,0,"no","yes","yes","no","yes","yes","yes","no",4,1,2,2,2,1,0,"success"
"553","MS","M",19,"U","GT3","T",1,1,"other","other","other","mother",1,2,2,"no","yes","no","yes","yes","no","yes","no",4,4,3,3,4,4,2,"fail"
"554","MS","M",17,"U","LE3","A",1,0,"other","other","home","mother",1,1,0,"no","no","no","no","yes","yes","no","yes",4,1,2,1,1,5,4,"success"
"555","MS","F",17,"R","GT3","T",1,1,"at_home","at_home","course","father",2,1,0,"no","yes","no","yes","yes","no","yes","yes",3,5,5,2,2,4,3,"fail"
"556","MS","F",16,"R","GT3","T",1,2,"other","other","home","father",1,3,0,"yes","yes","no","no","no","yes","yes","yes",4,3,4,1,1,3,5,"success"
"557","MS","M",16,"R","LE3","T",1,2,"other","at_home","course","mother",1,1,0,"no","no","no","no","yes","yes","no","no",4,4,4,2,4,5,4,"success"
"558","MS","F",17,"R","GT3","T",3,1,"other","other","course","mother",2,2,3,"no","yes","no","yes","no","yes","yes","yes",5,4,4,1,1,5,2,"fail"
"559","MS","M",17,"R","GT3","T",2,2,"other","other","course","mother",2,1,0,"no","no","no","yes","yes","no","no","yes",5,5,5,3,5,5,0,"fail"
"560","MS","M",18,"R","GT3","T",1,0,"at_home","at_home","course","other",3,1,1,"yes","yes","no","no","yes","yes","no","no",4,3,2,1,1,4,0,"success"
"561","MS","M",17,"R","GT3","T",1,1,"other","services","course","mother",2,1,0,"no","yes","no","yes","no","yes","yes","yes",4,5,5,1,3,2,0,"fail"
"562","MS","M",18,"U","LE3","T",1,1,"at_home","at_home","course","mother",2,2,0,"no","yes","no","yes","yes","yes","no","no",4,3,3,1,4,5,6,"fail"
"563","MS","F",16,"R","LE3","T",2,2,"other","services","course","father",1,2,0,"no","no","no","yes","yes","yes","no","yes",5,4,3,1,1,1,0,"success"
"564","MS","M",17,"U","GT3","T",2,2,"other","other","course","mother",1,1,1,"no","no","no","yes","yes","yes","no","yes",1,2,1,2,3,5,0,"fail"
"565","MS","M",16,"R","GT3","T",3,2,"services","other","course","father",2,1,0,"no","no","no","no","yes","yes","yes","no",4,5,5,2,3,5,2,"fail"
"566","MS","M",16,"R","LE3","T",1,1,"at_home","other","course","mother",2,1,0,"no","no","no","yes","yes","yes","yes","no",4,5,5,2,4,5,0,"fail"
"567","MS","M",18,"R","GT3","T",1,1,"services","other","course","other",2,1,1,"no","yes","no","no","yes","no","yes","yes",5,3,3,2,3,5,2,"fail"
"568","MS","M",18,"R","GT3","T",3,2,"services","other","course","mother",1,1,1,"no","no","no","no","yes","no","yes","no",2,3,1,2,2,5,0,"fail"
"569","MS","M",19,"U","GT3","T",3,2,"at_home","services","course","mother",2,1,3,"no","no","no","yes","yes","yes","no","no",3,2,1,1,1,3,4,"fail"
"570","MS","M",18,"U","GT3","T",3,3,"at_home","at_home","course","mother",1,2,2,"no","yes","no","yes","yes","no","yes","no",4,4,5,1,3,3,9,"fail"
"571","MS","M",16,"R","GT3","T",2,2,"services","services","course","mother",2,1,0,"no","yes","no","yes","yes","yes","yes","yes",5,4,3,2,4,4,6,"fail"
"572","MS","M",19,"U","GT3","T",2,1,"at_home","other","course","other",2,1,3,"no","no","no","yes","no","no","yes","yes",4,4,3,1,3,5,4,"fail"
"573","MS","F",16,"U","GT3","A",3,2,"services","at_home","course","mother",2,2,2,"no","yes","no","yes","yes","yes","no","yes",2,5,5,1,1,1,8,"fail"
"574","MS","F",17,"U","GT3","T",1,1,"other","at_home","course","mother",1,1,0,"no","yes","no","yes","yes","yes","no","no",4,3,2,1,2,5,9,"fail"
"575","MS","M",20,"R","GT3","T",1,1,"other","other","course","other",2,1,1,"no","yes","no","no","yes","no","yes","yes",4,4,3,2,4,4,12,"fail"
"576","MS","F",18,"R","GT3","A",4,3,"services","services","course","mother",1,1,0,"no","yes","no","no","yes","yes","yes","no",5,4,4,3,4,2,8,"fail"
"577","MS","M",18,"R","GT3","T",3,2,"other","other","course","mother",2,1,0,"no","yes","no","no","no","yes","yes","no",2,5,5,5,5,5,8,"success"
"578","MS","M",19,"R","GT3","T",1,1,"other","services","home","other",3,2,1,"no","no","no","no","yes","yes","yes","no",5,4,4,3,3,2,8,"success"
"579","MS","M",17,"U","GT3","T",3,3,"health","other","course","mother",2,2,1,"no","yes","no","no","yes","yes","yes","no",4,5,4,2,3,3,4,"fail"
"580","MS","M",18,"U","LE3","T",1,3,"at_home","services","course","mother",1,1,0,"no","no","no","no","yes","no","yes","yes",4,3,3,2,3,3,0,"fail"
"581","MS","M",19,"R","GT3","T",1,1,"other","other","home","other",3,1,1,"no","yes","no","no","yes","yes","yes","no",4,4,4,3,3,5,4,"fail"
"582","MS","F",18,"U","GT3","A",1,2,"at_home","other","course","mother",2,2,2,"no","yes","no","no","yes","yes","no","no",4,3,3,1,1,5,2,"fail"
"583","MS","F",19,"U","LE3","A",1,1,"at_home","other","course","mother",1,1,0,"no","yes","no","no","yes","no","no","no",1,4,4,1,1,5,0,"fail"
"584","MS","F",18,"R","GT3","T",2,2,"other","other","other","mother",2,1,1,"no","no","no","no","yes","no","yes","yes",5,5,5,1,1,3,0,"fail"
"585","MS","F",17,"R","GT3","T",0,0,"at_home","other","course","mother",2,1,0,"no","yes","no","no","yes","yes","yes","no",4,4,3,1,1,5,0,"success"
"586","MS","F",17,"R","LE3","A",3,1,"other","at_home","course","other",2,3,0,"no","yes","yes","no","yes","no","no","no",4,2,3,2,2,3,5,"fail"
"587","MS","F",17,"U","GT3","T",4,2,"teacher","services","home","mother",1,2,0,"yes","yes","no","yes","yes","yes","yes","no",5,5,5,1,3,5,0,"fail"
"588","MS","F",18,"R","LE3","T",2,2,"services","services","course","mother",1,2,1,"no","yes","no","yes","yes","yes","yes","no",2,3,3,1,2,4,3,"fail"
"589","MS","F",17,"U","GT3","T",4,1,"health","at_home","course","mother",1,1,0,"no","yes","no","no","yes","yes","no","yes",3,2,2,1,1,5,0,"fail"
"590","MS","F",17,"U","LE3","T",1,2,"at_home","other","course","father",1,1,0,"no","no","no","no","yes","yes","yes","no",5,5,1,1,1,3,0,"fail"
"591","MS","F",18,"U","GT3","T",1,1,"other","other","course","mother",3,2,2,"no","no","no","yes","yes","yes","no","yes",3,4,4,2,2,5,3,"fail"
"592","MS","F",18,"U","GT3","T",2,2,"services","at_home","reputation","father",2,2,0,"no","no","no","yes","no","yes","yes","no",4,3,5,1,1,1,2,"success"
"593","MS","F",17,"U","GT3","T",3,3,"services","services","course","mother",2,1,0,"no","yes","no","no","yes","yes","yes","no",4,4,3,1,1,4,0,"success"
"594","MS","F",18,"U","LE3","A",1,2,"at_home","other","reputation","mother",2,2,0,"no","no","no","no","yes","yes","yes","no",4,4,3,1,2,4,0,"success"
"595","MS","F",18,"U","GT3","T",4,4,"teacher","teacher","reputation","mother",2,2,0,"no","no","no","yes","no","yes","yes","no",4,3,5,1,2,1,0,"success"
"596","MS","M",18,"U","LE3","T",4,4,"services","other","reputation","mother",1,1,0,"no","yes","no","yes","yes","yes","yes","no",5,4,5,1,1,5,3,"success"
"597","MS","F",17,"U","GT3","T",4,2,"other","other","course","mother",2,2,0,"no","yes","no","no","yes","yes","yes","no",4,3,3,1,2,4,0,"success"
"598","MS","F",18,"R","GT3","T",2,2,"at_home","other","course","mother",3,2,1,"no","no","no","yes","yes","yes","no","yes",4,3,3,1,1,4,0,"fail"
"599","MS","M",18,"U","LE3","T",1,2,"at_home","services","home","mother",2,1,0,"no","yes","no","no","no","yes","no","no",4,1,4,5,5,1,8,"success"
"600","MS","M",18,"R","GT3","T",4,4,"at_home","services","other","mother",3,1,0,"no","yes","yes","yes","yes","yes","yes","yes",2,5,5,1,1,1,5,"success"
"601","MS","M",17,"R","GT3","T",1,1,"other","services","other","father",3,1,0,"no","no","no","no","no","no","no","no",4,2,3,3,4,4,4,"success"
"602","MS","F",18,"U","GT3","T",2,2,"other","other","course","mother",2,2,0,"no","yes","no","no","no","yes","yes","yes",1,3,1,1,1,2,4,"fail"
"603","MS","F",18,"U","LE3","T",2,2,"services","services","course","father",2,3,0,"no","no","no","no","yes","yes","yes","yes",5,4,5,1,4,3,0,"success"
"604","MS","F",18,"R","LE3","A",4,2,"teacher","other","reputation","mother",1,2,0,"no","no","no","yes","yes","yes","yes","yes",5,3,1,1,1,5,0,"fail"
"605","MS","F",18,"U","GT3","T",1,1,"at_home","services","course","mother",3,2,1,"no","no","no","no","yes","no","no","no",4,4,2,1,2,2,2,"fail"
"606","MS","F",19,"U","GT3","T",1,1,"at_home","services","other","father",2,1,1,"no","no","no","no","yes","no","no","no",5,5,5,2,3,2,0,"fail"
"607","MS","F",17,"U","GT3","T",4,2,"teacher","other","course","father",2,4,0,"no","no","no","no","yes","yes","yes","yes",4,2,3,3,1,5,0,"success"
"608","MS","F",17,"R","LE3","A",2,1,"services","other","reputation","mother",2,2,0,"no","no","no","yes","yes","yes","yes","yes",5,3,3,1,2,2,5,"success"
"609","MS","F",18,"U","LE3","A",1,1,"at_home","services","course","mother",1,2,0,"no","no","no","no","yes","yes","no","yes",5,2,3,1,2,3,2,"success"
"610","MS","F",18,"U","GT3","T",1,2,"at_home","at_home","course","father",2,2,0,"no","yes","no","no","yes","no","no","no",4,1,1,1,1,4,0,"success"
"611","MS","F",19,"R","GT3","A",1,1,"at_home","at_home","course","other",2,2,3,"no","yes","no","yes","yes","no","no","yes",3,5,4,1,4,1,0,"fail"
"612","MS","F",18,"R","GT3","T",2,2,"services","other","home","mother",2,3,0,"no","no","no","no","yes","yes","yes","yes",4,2,1,1,1,4,5,"success"
"613","MS","M",17,"R","GT3","T",4,3,"services","other","home","mother",2,2,1,"no","yes","yes","yes","no","yes","yes","yes",4,5,5,1,3,2,4,"success"
"614","MS","F",18,"U","GT3","T",3,3,"services","services","course","father",1,2,0,"no","yes","no","no","yes","yes","no","yes",5,3,4,1,1,5,0,"fail"
"615","MS","F",17,"R","GT3","T",4,4,"teacher","services","other","father",2,2,0,"no","yes","yes","yes","yes","yes","yes","no",4,3,3,1,2,5,2,"success"
"616","MS","F",17,"U","LE3","A",3,2,"services","other","reputation","mother",2,2,0,"no","no","no","no","yes","yes","no","yes",1,2,3,1,2,5,0,"success"
"617","MS","M",18,"U","LE3","T",1,1,"other","services","home","father",2,1,0,"no","no","no","no","no","yes","yes","yes",3,3,2,1,2,3,2,"success"
"618","MS","F",18,"U","LE3","T",1,1,"at_home","services","course","father",2,3,0,"no","no","no","no","yes","yes","yes","no",5,3,2,1,1,4,0,"success"
"619","MS","F",18,"R","LE3","A",1,2,"at_home","other","course","mother",3,2,0,"no","no","no","no","yes","yes","no","yes",4,3,4,1,4,5,0,"success"
"620","MS","F",18,"U","GT3","T",3,3,"services","services","other","mother",2,2,0,"no","yes","no","no","yes","yes","yes","yes",4,3,2,1,3,3,6,"success"
"621","MS","F",17,"U","LE3","T",4,4,"at_home","at_home","course","mother",1,2,0,"no","yes","no","yes","yes","yes","yes","yes",2,3,4,1,1,1,4,"success"
"622","MS","F",17,"R","GT3","T",1,2,"other","services","course","father",2,2,0,"no","no","no","no","no","yes","no","no",3,2,2,1,2,3,0,"success"
"623","MS","M",18,"R","GT3","T",1,3,"at_home","other","course","mother",2,2,0,"no","yes","yes","no","yes","yes","no","no",3,3,4,2,4,3,0,"fail"
"624","MS","M",18,"U","LE3","T",4,4,"teacher","services","other","mother",2,3,0,"no","no","no","no","yes","yes","yes","yes",4,2,2,2,2,5,0,"success"
"625","MS","F",17,"R","GT3","T",1,1,"other","services","reputation","mother",3,1,1,"no","yes","no","no","yes","yes","yes","yes",5,2,1,1,2,1,0,"fail"
"626","MS","F",18,"U","GT3","T",2,3,"at_home","services","course","father",2,1,0,"no","yes","no","no","yes","yes","yes","yes",5,2,3,1,2,4,0,"fail"
"627","MS","F",18,"R","GT3","T",4,4,"other","teacher","other","father",3,2,0,"no","yes","no","no","no","yes","yes","yes",3,2,2,4,2,5,0,"fail"
"628","MS","M",18,"R","LE3","T",1,2,"at_home","services","other","father",3,1,0,"no","yes","no","yes","yes","no","yes","yes",4,3,3,2,3,3,3,"fail"
"629","MS","F",17,"U","GT3","T",2,2,"other","at_home","home","mother",1,3,0,"no","no","no","yes","yes","yes","no","yes",3,4,3,1,1,3,8,"success"
"630","MS","F",17,"R","GT3","T",1,2,"other","other","course","mother",1,1,0,"no","no","no","yes","yes","yes","yes","no",3,5,5,1,3,1,4,"fail"
"631","MS","F",18,"R","LE3","T",4,4,"other","other","reputation","mother",2,3,0,"no","no","no","no","yes","yes","yes","no",5,4,4,1,1,1,0,"success"
"632","MS","F",18,"R","GT3","T",1,1,"other","other","home","mother",4,3,0,"no","no","no","no","yes","yes","yes","no",4,3,2,1,2,4,4,"success"
"633","MS","F",19,"R","GT3","T",1,1,"at_home","other","course","other",2,2,1,"no","yes","no","no","yes","yes","yes","yes",4,3,3,1,1,3,4,"fail"
"634","MS","F",18,"R","LE3","T",4,4,"teacher","services","course","mother",1,2,0,"no","no","no","yes","yes","yes","yes","no",5,4,3,3,4,2,1,"success"
"635","MS","F",18,"U","GT3","T",3,3,"other","other","home","mother",1,2,0,"no","no","no","no","yes","yes","yes","yes",4,1,3,1,2,1,1,"success"
"636","MS","F",17,"R","GT3","T",3,1,"at_home","other","reputation","mother",1,2,0,"no","yes","no","yes","no","yes","yes","no",4,5,4,2,3,1,10,"fail"
"637","MS","M",18,"U","GT3","T",4,4,"teacher","teacher","home","father",1,2,0,"no","no","no","yes","no","yes","yes","no",3,2,4,1,4,2,4,"success"
"638","MS","M",18,"R","GT3","T",2,1,"other","other","other","mother",2,1,0,"no","no","no","yes","no","yes","yes","yes",4,4,3,1,3,5,0,"fail"
"639","MS","M",17,"U","GT3","T",2,3,"other","services","home","father",2,2,0,"no","no","no","yes","yes","yes","yes","no",4,4,3,1,1,3,4,"success"
"640","MS","M",19,"R","GT3","T",1,1,"other","services","other","mother",2,1,1,"no","no","no","no","yes","yes","no","no",4,3,2,1,3,5,0,"fail"
"641","MS","M",18,"R","GT3","T",4,2,"other","other","home","father",2,1,1,"no","no","yes","no","yes","yes","no","no",5,4,3,4,3,3,0,"fail"
"642","MS","F",18,"R","GT3","T",2,2,"at_home","other","other","mother",2,3,0,"no","no","no","no","yes","yes","no","no",5,3,3,1,3,4,0,"success"
"643","MS","F",17,"U","GT3","T",4,3,"teacher","other","other","mother",2,2,0,"no","no","no","no","yes","yes","yes","no",5,5,4,1,1,1,0,"success"
"644","MS","F",18,"R","GT3","T",4,4,"teacher","at_home","reputation","mother",3,1,0,"no","yes","no","yes","yes","yes","yes","yes",4,4,3,2,2,5,4,"fail"
"645","MS","F",19,"R","GT3","T",2,3,"services","other","course","mother",1,3,1,"no","no","no","yes","no","yes","yes","no",5,4,2,1,2,5,4,"fail"
"646","MS","F",18,"U","LE3","T",3,1,"teacher","services","course","mother",1,2,0,"no","yes","no","no","yes","yes","yes","no",4,3,4,1,1,1,4,"success"
"647","MS","F",18,"U","GT3","T",1,1,"other","other","course","mother",2,2,0,"no","no","no","yes","yes","yes","no","no",1,1,1,1,1,5,6,"fail"
"648","MS","M",17,"U","LE3","T",3,1,"services","services","course","mother",2,1,0,"no","no","no","no","no","yes","yes","no",2,4,5,3,4,2,6,"fail"
"649","MS","M",18,"R","LE3","T",3,2,"services","other","course","mother",3,1,0,"no","no","no","no","no","yes","yes","no",4,4,1,3,4,5,4,"success"
